image_001.jpg,144.80188,66.57613,-23.672272,144.88908,63.611954,-25.002672,144.76743,63.65003,-25.002214,144.67017,63.688866,-25.053118,145.49896,63.820904,-25.125753,145.5997,63.923637,-25.09996,145.70406,64.05886,-25.107012,144.411,67.61023,-23.812634,146.08759,67.956696,-22.474688,144.91193,71.33449,-22.114174,144.45702,71.46585,-21.653572,142.16261,93.53286,-17.524551,146.83347,93.24234,-20.463135,149.21887,117.51879,-37.290516,139.17476,115.9485,-41.849094,162.91716,105.1021,-83.28775,129.51344,101.829216,-95.26361,166.61363,101.2943,-92.12959,128.06314,98.975716,-107.53516,169.29802,98.67629,-96.9672,125.96576,95.52967,-110.65692,167.93953,100.46677,-87.10305,126.72652,97.05066,-98.4146,142.21867,155.38593,-0.3661935,145.69083,155.53902,0.6976715,140.37477,187.31036,38.98868,150.24414,189.71516,42.46891,137.28658,219.60153,107.04917,150.66634,223.30212,105.913284,137.25179,225.49759,112.505424,150.21399,228.697,111.513535,134.12952,222.63605,96.433754,149.54472,228.4907,97.132935
image_002.jpg,145.47365,69.11272,29.646845,143.8021,66.37038,22.205067,142.75635,66.661674,22.218899,141.74635,66.96138,22.167225,146.98088,65.79837,20.833038,147.95828,65.583725,20.874596,148.94205,65.426994,20.854357,139.93562,70.95185,-6.253026,150.06204,68.73702,-10.156655,144.10245,73.95482,21.30355,146.47461,73.118744,20.293465,128.63733,97.1712,-16.56344,161.99811,92.80755,-27.759998,108.91965,118.86233,9.207453,173.70436,116.79517,-18.62574,101.1846,108.10043,43.66526,181.89268,103.79191,-1.4045696,97.257095,106.597984,45.24313,186.64789,101.744606,-0.98598903,101.09627,102.690094,46.42046,182.93288,98.35283,-2.1729248,103.51343,103.2491,44.515312,180.91203,99.397675,-1.3557544,136.26843,157.5694,4.4624386,154.13232,156.64613,-4.2680426,137.99483,190.78033,45.276077,158.58087,191.50282,47.624214,138.35559,222.85136,100.73795,158.28484,225.28764,99.153946,138.86942,229.24725,105.86452,156.42302,231.06,104.79175,137.6947,223.10915,107.038124,160.28677,228.50961,107.46293
image_003.jpg,148.10602,66.620346,14.309188,146.57243,64.902596,5.5787396,145.45332,65.21103,5.6081014,144.37383,65.52495,5.5766945,150.07764,64.38382,5.171958,151.25273,64.22596,5.2081175,152.41716,64.13862,5.1771374,143.05472,69.817276,-25.414621,154.18155,67.73076,-25.217894,146.85594,71.47176,5.2020054,149.71071,70.60732,5.3923883,132.41295,95.05775,-35.462402,167.3483,91.61107,-34.395664,113.47165,117.1076,7.6525693,182.62267,114.04223,2.7602444,105.27246,106.14291,57.510513,187.19328,101.219246,59.34397,100.90454,104.79986,59.76146,190.90747,98.66826,65.39317,103.7169,100.74554,60.19712,186.87491,95.67751,64.23448,106.46691,101.603386,58.826294,185.07996,96.916794,60.25236,139.31895,152.59377,1.5289757,158.30072,152.40071,-1.360998,137.15791,179.7826,72.43331,163.36948,182.12282,70.118286,137.4924,208.88803,142.46405,164.45665,211.51147,134.58774,138.41937,216.32808,149.83191,163.27026,217.39433,141.86064,135.6124,205.0645,160.1835,166.3248,212.3168,151.81433
image_004.jpg,147.17456,67.91021,44.62883,145.52391,65.86696,36.097923,144.38182,66.19963,36.12176,143.26987,66.53107,36.06385,148.93677,65.249725,35.278522,150.05579,65.05282,35.312763,151.15495,64.91118,35.261562,141.62793,70.62731,1.2446581,152.50803,68.262024,-0.59374577,145.73459,72.65812,33.801632,148.50139,71.70577,33.40635,130.41965,95.5493,-15.617336,164.60289,91.12446,-14.512534,109.37646,117.46007,23.343985,176.7392,113.28976,16.610477,102.302864,106.09172,80.22768,185.88443,102.62639,61.178894,98.28604,104.33127,86.35864,190.77188,101.23625,65.721466,101.50746,99.8162,87.00745,187.92235,97.7441,66.2949,104.01907,100.58595,81.81467,185.73167,98.58609,62.552406,137.491,153.09648,0.5817992,156.22968,152.28084,-0.43882906,135.67575,185.39374,34.681454,162.58568,186.69458,41.968796,133.67108,218.78136,70.965965,161.596,220.70715,66.45289,134.74077,225.58601,74.66852,160.21127,226.78204,69.14069,130.35641,218.69016,78.72973,162.38501,223.84317,74.64591
image_005.jpg,151.98155,70.369835,23.542358,150.3173,68.633125,15.733427,149.2022,69.031944,15.771264,148.1145,69.42547,15.731802,153.77267,67.904274,14.520557,154.91524,67.679276,14.545011,156.04326,67.51712,14.485336,146.69713,73.90834,-14.943811,157.66553,71.1093,-18.308544,150.7509,75.39113,14.254147,153.48193,74.34521,13.409458,136.56393,100.18068,-24.739086,170.39288,95.04352,-28.992693,115.57878,122.48389,17.197895,184.48636,117.97296,12.181748,106.733475,109.7826,70.26258,190.50494,104.61602,72.18681,102.217926,108.195335,75.4882,194.86984,102.528404,79.24157,105.81993,103.7248,75.494835,191.02522,99.21547,79.83207,108.569336,104.31405,71.39666,188.91086,100.36461,73.95778,142.66965,158.27003,1.7005465,160.55956,157.22237,-1.5233921,138.67163,192.06297,45.37992,164.16383,192.42574,48.757942,137.59927,226.24884,91.7218,165.27803,228.06302,94.24568,138.97552,233.8865,96.301765,164.10469,234.63696,99.24194,133.78828,224.755,102.02068,165.53099,230.84627,106.648415
image_006.jpg,163.13187,62.49954,-45.911938,167.62347,57.572037,-51.534046,169.21709,57.450184,-51.551395,170.87859,57.30655,-51.5991,165.4837,57.750664,-37.49492,165.38644,57.680656,-37.495598,165.2559,57.699608,-37.49342,179.784,60.677475,-61.89979,172.29742,60.44077,3.2118826,169.13766,69.1131,-49.091183,165.89246,69.2761,-30.191036,192.14722,92.52756,-92.45706,177.15283,97.12929,46.98356,142.45619,104.97383,-117.40552,143.15463,110.36337,65.21223,96.47033,98.162346,-118.73237,106.81482,100.929695,31.797718,85.86137,97.76287,-134.23314,98.92754,96.687195,26.605011,86.373665,93.47645,-130.69165,98.22661,93.785416,14.853029,90.40595,94.033516,-117.73924,101.118095,96.193016,23.688465,201.69955,183.29901,-37.221264,186.926,184.21619,37.528046,199.67538,240.21793,-35.357788,186.65723,240.3964,44.023087,204.80807,301.43442,18.657217,193.525,296.03622,90.70855,209.95898,311.4323,21.810516,196.58995,304.825,92.49848,191.38063,314.35736,-16.105883,188.8288,308.50662,53.112305
image_007.jpg,164.09126,66.84122,-43.1782,168.43579,61.470192,-50.119823,169.95909,61.294384,-50.11448,171.55212,61.09932,-50.149376,166.84267,61.677647,-34.883457,167.0244,61.59722,-34.888588,167.17043,61.62031,-34.881485,180.6797,64.36499,-64.02037,175.02441,64.29694,6.508884,169.95834,73.59003,-47.20886,167.45924,73.80792,-26.729803,190.75243,97.50077,-98.17435,182.28763,102.76951,54.98509,138.25732,106.671295,-131.80888,145.9273,113.36204,87.92438,91.78681,102.41535,-134.4439,109.23669,104.22555,67.95697,82.08787,100.11987,-151.81873,102.8508,98.43524,65.61851,82.48524,97.10544,-145.52412,101.44494,95.66833,52.830143,86.227196,98.161476,-132.81017,103.195526,98.5889,59.874363,202.50143,191.07794,-41.7314,191.47493,192.5359,42.030178,203.12746,246.55867,-38.475685,188.42801,248.49664,55.825928,208.09918,307.81253,22.492561,192.44783,303.2075,104.76257,213.23244,318.47488,26.604082,195.17502,312.21918,107.17979,194.85788,319.05005,-10.865874,187.73985,314.88104,69.62871
image_008.jpg,164.48656,61.542164,-40.68927,169.34404,56.105846,-47.080727,171.05698,55.982353,-47.073902,172.82895,55.834652,-47.105453,167.30441,56.193737,-33.0438,167.25406,56.09772,-33.05152,167.17621,56.09114,-33.061436,181.93694,59.76129,-57.686203,174.56006,59.307045,6.6649027,170.3064,68.80216,-43.13906,166.93709,68.82478,-24.488668,187.46904,93.62665,-92.92346,185.49332,97.254875,58.7054,133.11752,103.57024,-122.662056,150.58514,110.647156,87.229355,87.103134,96.71782,-121.487854,116.704636,100.40284,70.63349,77.3589,94.404785,-138.1918,110.33111,94.88223,70.62345,77.357056,91.007835,-132.10965,108.22707,92.38627,58.832985,81.70692,92.31483,-120.05647,109.75257,95.587,63.21026,203.3908,188.54251,-43.932705,196.74547,187.83954,44.263554,199.3506,244.70421,-30.420254,195.17825,245.60162,60.088806,209.73715,305.97134,22.588465,203.19908,301.61917,99.76814,217.67839,315.98773,26.182726,207.99559,310.18027,101.438705,193.63324,319.812,-5.201911,194.35175,317.06732,70.22794
image_009.jpg,164.11636,60.671024,-39.72389,168.96112,55.689297,-46.12542,170.55685,55.626583,-46.127323,172.21251,55.54158,-46.16555,167.24907,55.68024,-31.899158,167.38495,55.55769,-31.897717,167.48233,55.529408,-31.873934,181.236,59.703224,-57.843727,175.0161,58.91666,7.9185987,169.71072,68.03198,-42.977142,166.87898,67.93739,-23.92954,188.88512,93.85205,-95.29193,181.98666,98.58602,59.91423,137.18533,102.791336,-130.23083,144.91467,108.54384,93.69754,94.3497,96.81814,-135.71283,108.94492,99.22439,77.98337,85.43403,94.2643,-153.49132,102.186615,93.61322,77.59578,86.1517,91.34623,-148.11201,101.07324,91.12709,65.4236,89.70063,92.56332,-134.63745,102.91379,93.89417,70.16992,202.90775,186.3001,-44.079323,193.18437,187.20438,44.414524,198.0085,242.53876,-38.892403,190.11093,244.58525,55.248817,207.01796,306.43378,7.3585606,197.79015,302.70886,92.115524,213.79852,317.10342,9.8426285,201.72742,311.8952,93.334816,191.33395,319.07495,-23.915394,189.5528,316.31403,60.38683
image_010.jpg,161.25427,60.797066,-47.463997,165.80255,55.36842,-53.352566,167.46552,55.24681,-53.376713,169.18497,55.108524,-53.42244,163.59032,55.319695,-39.921947,163.45135,55.092617,-39.922756,163.27716,54.945717,-39.904026,177.89659,58.337917,-59.61504,170.2727,57.15577,1.9051486,167.19424,67.55225,-48.63544,163.85211,67.341446,-30.916336,187.1335,91.334724,-94.5504,180.77094,95.188354,52.423817,137.37013,109.185326,-126.54771,159.36264,116.18959,84.8977,93.38594,98.440315,-132.38116,135.2582,112.75946,73.40894,82.99007,95.71682,-148.66835,131.07132,109.95073,70.29625,84.48433,91.83844,-146.18816,129.8423,107.17199,59.58515,88.70117,93.20295,-131.85248,131.19388,108.7299,66.4475,202.64224,184.87802,-40.069202,192.5935,184.78615,40.425304,198.50577,244.65625,-37.641926,191.11087,243.7502,45.244705,207.70224,309.45126,9.929936,201.33432,302.86978,82.27219,214.93071,319.609,13.434601,206.0382,311.84964,83.36284,193.10254,324.5254,-18.277529,194.27005,318.29114,48.208405
image_011.jpg,162.40918,60.62152,-46.22913,166.62717,55.436497,-51.74185,168.20319,55.26817,-51.748604,169.84143,55.081028,-51.78411,164.75131,55.619514,-37.576973,164.78088,55.545288,-37.568775,164.77614,55.565258,-37.545826,178.37526,58.583763,-60.31823,171.84004,58.48181,5.201056,168.11415,67.35495,-48.4386,165.16753,67.55566,-29.439842,186.48105,91.82289,-97.65847,180.03497,96.68392,59.92046,135.60788,103.89846,-131.93376,143.90283,109.07934,92.75905,91.282036,98.53069,-136.22105,107.19201,101.627,72.53133,82.03666,95.00478,-154.30333,100.54924,95.74835,71.68536,83.024666,91.79307,-147.98607,98.879555,93.06866,58.454594,86.58782,93.249146,-134.64948,100.52011,95.92301,64.25265,200.81476,181.58047,-44.769714,191.36292,183.21619,45.076843,197.39198,237.25143,-37.54554,188.29028,239.28018,59.042984,205.9072,299.27493,13.44118,196.27191,295.2503,102.04982,212.47385,310.3883,16.419548,200.1442,304.41187,103.79573,190.57982,309.35928,-18.116032,189.21591,307.10925,69.429794
image_012.jpg,181.06102,61.01004,-93.31032,187.36237,55.002235,-91.48406,190.07635,55.08356,-91.49329,192.84763,55.14653,-91.49895,181.76317,54.675262,-81.90427,180.18219,54.407043,-81.91471,178.55905,54.228416,-81.91117,200.5055,59.506104,-62.58038,182.0949,57.521355,-18.966742,187.27908,68.66501,-81.42945,179.29675,67.9449,-68.76816,195.19377,92.77177,-98.06798,190.99048,96.78207,62.142914,139.20471,102.50562,-116.96437,150.88289,114.50682,87.8485,90.52806,100.535065,-111.341965,110.45632,108.465614,55.2399,80.65545,96.2564,-130.1375,103.64399,101.18379,51.088375,80.96809,92.77707,-121.9891,101.48243,98.06446,35.481594,85.5679,94.93234,-109.27077,103.04058,102.04406,45.75104,200.69383,191.99203,-43.66715,193.98369,191.96744,43.83904,198.41347,250.87778,-43.10957,186.74463,252.21048,60.530228,197.77574,317.83145,11.634307,189.71947,312.0376,104.383995,202.93875,330.67755,16.069643,193.73384,322.1359,106.46165,182.43521,327.7466,-13.179573,180.9031,325.8799,71.82086
image_013.jpg,200.2995,68.926254,-5.234342,198.76813,66.68248,1.1233015,198.65833,66.782326,1.1174209,198.59207,66.87509,1.074883,197.9562,66.31373,-8.553455,197.21436,66.11075,-8.558602,196.47,65.94406,-8.599874,195.36221,67.4994,27.835472,192.42125,66.41469,-15.345381,199.06203,71.62155,4.876896,198.02977,71.175316,-7.5481052,190.96887,83.195984,60.847393,186.40007,74.14191,-43.359108,205.92825,86.57765,86.67519,207.73764,75.01827,-73.37073,217.5333,75.80701,82.990616,228.05374,67.645035,-80.03452,220.25256,71.70862,85.01489,232.56548,64.629974,-92.97238,220.29218,70.683624,78.26305,230.81766,63.51659,-89.340126,219.4122,72.14304,79.000275,229.00406,65.351074,-78.80628,178.4068,114.383965,31.623251,173.74313,111.2816,-31.546736,177.06119,142.40602,19.627302,168.73456,141.52371,-36.130825,167.26373,170.44247,28.468338,158.74173,170.77328,-35.452114,163.21342,174.53809,28.1735,153.69824,175.10507,-36.94692,174.53096,179.35579,11.828374,166.0602,178.70161,-60.654716
image_014.jpg,191.79817,68.27895,-2.1843393,190.7851,65.652,1.1424702,190.44904,65.48543,1.1682367,190.12268,65.29753,1.165101,190.80412,65.92605,-7.8178387,190.35857,65.92384,-7.8442917,189.91339,65.94522,-7.917964,187.08163,65.4416,17.490446,186.70197,66.38052,-23.257492,190.32666,70.31835,4.98494,190.1435,70.49904,-6.703746,180.54056,78.26442,47.870552,183.18352,75.24503,-47.94033,196.57959,79.57786,67.83471,205.54765,75.73569,-65.09862,212.06224,77.28071,55.141975,226.42105,71.3143,-63.532352,214.5531,74.62973,58.702526,229.76834,69.030304,-72.31503,215.77432,74.01007,48.839756,230.07376,67.42756,-66.12889,215.44077,75.434364,50.8036,228.88281,68.82858,-60.39534,181.86281,113.45607,29.551725,181.9771,111.82488,-29.53323,180.59387,142.04404,41.148373,175.73672,140.23004,-37.267963,174.17876,168.10161,69.77522,166.30806,170.1652,-32.41381,171.50618,172.94873,71.563705,162.79932,175.73515,-33.337685,179.32732,171.26402,57.44281,170.40495,175.01317,-56.188454
image_015.jpg,192.0285,68.211235,-34.606705,190.66377,65.162575,-30.943878,190.07402,65.04071,-30.941114,189.51196,64.91166,-30.963633,190.96132,65.5743,-40.683662,190.48785,65.62653,-40.695023,190.00766,65.691444,-40.692963,185.5151,65.44657,-17.127583,185.89078,66.27504,-60.604576,189.69179,70.572075,-28.226995,189.89775,70.58975,-40.72247,176.72284,78.39161,16.645834,182.01938,75.80687,-73.62884,194.10963,78.59006,45.204124,204.99658,76.31702,-78.05662,210.88295,74.43144,52.4636,226.13954,69.7006,-65.30566,213.01233,71.08506,56.152397,230.08398,67.18439,-70.7694,214.79164,70.98873,49.171738,229.11227,64.481094,-64.577545,214.4473,72.628975,49.45509,227.578,65.894,-61.9598,189.37805,103.67169,25.305637,190.92574,99.29131,-25.325317,195.69974,120.330246,24.6315,197.62527,89.77449,7.81512,195.64024,142.6103,56.38501,207.96396,84.623604,60.234188,194.4893,146.41092,59.980476,210.35172,85.768364,65.93013,196.45795,146.65564,46.93786,209.97946,76.298065,59.01734
image_016.jpg,151.34688,85.178215,-2.2082028,149.67938,81.694046,0.7957146,149.09138,81.28366,0.83012754,148.54388,80.91787,0.7968872,149.8828,82.45751,-8.692209,149.53563,82.523506,-8.652839,149.15727,82.60481,-8.647832,144.60709,81.7837,13.943648,145.55673,83.787674,-28.111677,148.94069,88.172646,3.7834194,149.24066,89.036896,-8.4334955,131.57697,95.08842,40.54477,140.12366,98.25536,-50.817207,150.73141,99.44481,63.023876,166.09561,103.46204,-74.261505,166.83678,101.78007,42.1422,188.10722,101.11478,-70.79049,170.79256,98.882454,44.72358,195.36072,98.36756,-83.705635,171.43259,98.9628,34.94885,193.91309,95.12295,-74.6984,170.69592,100.68195,37.644386,191.16295,96.69568,-67.79423,89.79663,127.56562,28.158628,92.199875,130.21048,-28.053864,91.144775,161.48279,59.184425,92.866325,168.84547,-8.917548,86.34288,195.20312,100.16064,87.01787,205.2492,24.716316,82.93003,200.6906,103.5273,83.028,210.03394,27.61102,93.911545,202.39523,93.653404,95.754814,214.51712,12.171795
image_017.jpg,193.20518,67.74453,-23.237606,192.51523,65.67238,-16.307814,192.96104,65.76931,-16.331284,193.44553,65.85561,-16.359472,190.5934,65.28129,-25.112925,189.61182,65.11696,-25.074585,188.63788,64.98634,-25.091946,191.23386,66.64573,18.920616,184.96603,65.712296,-20.417385,193.14944,70.448,-9.781706,190.74701,70.06625,-21.030724,187.9782,80.5676,60.027805,181.63385,74.31489,-51.44651,202.35422,86.00478,68.10133,203.85124,77.50991,-77.77949,213.66101,74.716125,40.527416,224.14886,68.52179,-82.01666,218.04077,72.19668,37.625057,228.8166,67.25716,-95.96593,216.58594,70.92274,30.873547,227.9142,65.653465,-93.53942,215.09209,71.78092,35.970467,225.49805,67.07755,-81.385735,180.90637,113.45916,35.850792,176.05338,111.499054,-35.76797,177.34714,143.09766,34.986977,171.38899,140.19882,-39.823967,173.55592,172.60774,46.20259,162.81366,172.3389,-52.54962,170.66545,177.93028,46.3599,157.53268,178.6799,-55.087906,182.5104,179.7894,30.279106,172.93306,179.03627,-81.03509
image_019.jpg,144.91214,65.6167,-51.859814,142.38873,62.5173,-46.960785,142.04158,62.454792,-46.92879,141.73723,62.386993,-46.94838,142.08495,62.869392,-57.922417,141.36633,62.97874,-57.91652,140.65076,63.120068,-57.96895,137.51341,64.27666,-19.050358,136.17657,65.31152,-68.14089,143.55498,69.71689,-40.206814,142.89627,70.02821,-54.44363,132.94641,86.32092,30.971735,134.75706,84.311295,-92.3436,154.65384,98.10757,58.448044,161.1607,95.12504,-107.05492,176.30266,101.56949,42.209618,190.20216,97.31323,-110.55884,180.17763,99.10443,45.860268,195.87451,96.07594,-126.79885,182.29562,98.701225,31.681923,196.52707,93.61113,-120.05128,181.38506,100.4276,35.963478,194.29916,94.69962,-107.91897,124.18352,137.43306,38.16174,123.09258,137.30429,-38.030422,110.74784,171.25609,77.59582,112.219505,173.9524,-13.756356,97.87848,201.23912,134.25824,98.703766,207.06125,32.952988,94.30769,206.4814,138.1357,94.21373,211.83266,35.938137,103.48631,208.6992,117.57024,102.81073,216.47743,6.3410387
image_020.jpg,149.31557,65.989914,-30.484417,147.42508,62.903286,-23.621723,146.97044,62.814823,-23.6055,146.5526,62.713165,-23.6121,147.37297,63.13317,-35.61779,146.80246,63.13056,-35.603413,146.2313,63.16201,-35.63541,142.47867,64.36563,5.956555,142.12381,65.12114,-47.76516,147.39117,70.09964,-18.68851,147.07567,70.24962,-34.21834,135.92912,86.9097,52.80182,136.37766,84.0286,-78.95738,151.11723,100.773796,78.378624,159.97101,97.25466,-106.12967,170.1232,103.71167,54.84195,186.73903,97.47855,-108.7168,174.12535,102.25582,58.952427,192.18387,96.80855,-123.89342,174.91188,100.69034,43.898727,191.99303,93.673836,-116.35581,174.32967,101.76126,48.061577,189.85663,94.16922,-105.46162,122.83813,136.10498,38.719982,119.252686,136.32835,-38.593143,109.317406,171.40337,64.55324,104.45156,173.82162,-60.117115,97.3506,201.7204,118.51114,94.95894,210.89479,-31.026546,94.160324,206.45934,121.80379,92.80929,215.79567,-29.949936,100.861984,212.29176,101.98364,95.20274,222.31534,-63.967896
image_021.jpg,146.63222,66.087296,-26.512472,144.53288,62.95363,-22.139221,144.04128,62.80986,-22.132633,143.58974,62.667797,-22.14281,144.5792,63.301193,-33.134,144.05925,63.293404,-33.102802,143.53224,63.321484,-33.126534,139.38693,64.24046,1.0212977,139.54694,65.05823,-47.56557,144.87077,69.81485,-16.530424,144.69577,70.07694,-30.5847,133.33449,85.1078,45.01637,135.16824,82.60921,-75.36792,154.77217,96.88412,73.55954,160.98534,96.12026,-94.35425,174.66074,102.00698,48.777996,186.68393,99.75815,-93.6754,177.93596,101.160484,48.347492,192.80875,99.25552,-108.74309,179.09209,100.291855,35.513653,192.02563,96.726395,-103.137505,178.36195,100.97263,42.45201,189.90173,97.44334,-91.364334,113.91904,134.09433,35.61397,112.702034,133.21228,-35.532158,100.43025,171.87817,55.854477,103.25588,173.11348,-23.194118,93.32404,204.70148,100.07938,92.06583,208.37231,24.433279,90.344025,210.40855,103.16364,88.548004,213.55714,27.805775,99.14207,213.71786,82.916504,94.176544,218.5893,1.3173304
image_023.jpg,152.18263,82.67129,-2.857151,150.73329,79.2058,0.18976451,150.19357,78.80271,0.22728527,149.69757,78.442184,0.18860856,150.75406,79.963844,-9.49245,150.32272,80.02891,-9.45846,149.85916,80.11626,-9.455396,145.77997,79.36777,14.13891,146.05054,81.36739,-29.007711,149.79071,85.71948,3.4754653,149.8906,86.58182,-9.03993,133.02809,94.10767,41.884117,139.6477,95.18813,-52.470825,153.13675,98.53716,66.16961,167.41661,100.26242,-78.4108,170.1399,100.21469,47.580956,191.0762,98.20988,-78.36979,174.31277,97.01204,51.058876,198.3271,95.6549,-91.75566,174.97063,97.56301,40.60546,196.75735,92.359535,-82.84621,174.07352,99.46416,42.84872,194.0711,93.903206,-75.37635,92.666855,129.64438,28.662052,94.3687,130.60336,-28.579613,92.49652,164.19664,58.463715,93.68155,167.57336,-9.331719,88.12387,197.59679,101.05382,89.32075,203.9466,27.020454,84.46021,203.03925,104.62582,85.46821,208.9791,29.937925,96.271225,205.99509,93.51219,97.74369,213.57184,12.438925
image_024.jpg,143.4513,70.67758,-63.406902,144.56378,67.123604,-54.86886,145.54503,67.410385,-54.857285,146.56924,67.69181,-54.841797,141.3455,65.9308,-63.234787,139.8507,65.30014,-63.203194,138.36862,64.71455,-63.24446,144.30266,68.09978,-8.78461,133.55273,64.63023,-46.639244,143.07835,74.37193,-45.49302,138.72778,72.87725,-56.521484,140.68164,86.22353,44.42093,123.15133,77.96879,-75.539566,163.83286,97.40757,63.29467,152.00244,93.311134,-102.68563,183.4215,96.26275,23.900852,180.55083,94.490486,-103.09663,188.69849,95.56802,20.780432,186.41812,95.16502,-118.2836,188.47339,93.69473,8.530656,188.03305,92.40409,-113.6915,186.28755,94.29185,16.776684,185.47287,92.75624,-101.14892,124.03301,135.43874,30.701826,111.85991,133.34218,-30.609915,109.30095,169.86702,38.31815,102.001495,172.70235,-40.994564,98.92002,199.18382,82.267944,92.69875,208.39397,-14.538956,95.84125,204.79079,84.56653,88.68114,213.71973,-14.500562,103.51076,208.83102,54.533585,95.960655,221.04684,-53.748184
image_025.jpg,191.42557,66.55662,-26.314066,190.51642,64.093315,-20.903286,190.65396,64.03434,-20.890022,190.81912,63.94715,-20.904202,189.24512,64.06575,-29.35424,188.44818,63.98475,-29.352844,187.6437,63.935894,-29.409237,188.30583,64.36581,8.431567,183.89914,64.63617,-30.87263,190.88724,69.11019,-14.919571,189.32253,69.028275,-26.218208,186.60175,78.439606,53.08564,179.25766,74.95018,-60.585857,201.22108,82.169556,82.591644,203.9849,74.87765,-86.23699,211.97493,76.2677,63.922363,225.92014,69.166245,-89.027245,214.02193,72.93377,66.12339,230.11801,67.431885,-100.80716,214.47205,72.215034,55.58632,229.82819,65.46021,-96.55373,213.89456,73.95297,58.773132,228.18346,66.819595,-86.96304,185.09926,115.34125,34.69215,180.40823,114.78597,-34.641632,178.29987,145.04372,40.140724,179.07686,143.58783,-48.616043,168.22664,171.1447,68.119675,165.16315,171.02896,-32.404808,164.93686,175.88432,69.84348,160.45328,175.46628,-32.01506,173.82018,176.80655,49.347996,168.99065,179.1695,-58.592865
image_026.jpg,193.81776,68.9664,-20.675764,193.2994,66.44332,-15.155686,193.31238,66.36146,-15.135214,193.34007,66.24676,-15.144586,192.43361,66.33881,-23.597977,191.79,66.161644,-23.615932,191.14914,66.02082,-23.70003,190.80084,66.2149,11.219858,187.64061,66.132385,-27.829628,192.72423,71.2095,-10.419224,191.5936,70.984535,-21.647278,186.84769,79.23588,52.670143,182.65619,74.76385,-57.1796,200.30592,82.75583,88.122444,204.99109,74.68743,-84.54646,212.06648,77.26418,87.9419,227.83539,69.54421,-81.66485,213.91888,73.57776,93.63089,231.95233,67.679184,-90.94456,214.53886,72.613235,84.03489,231.43985,65.42463,-85.18274,214.5521,74.326706,83.87216,229.9092,66.81554,-78.46131,186.4361,113.07887,32.168312,182.32292,112.36774,-32.143684,186.8403,142.38052,40.919373,176.03508,142.15215,-40.690872,185.03258,168.68279,72.32394,166.20364,171.03778,-38.565098,183.0228,173.15283,74.19494,162.52654,176.26576,-39.412502,190.26193,174.5503,56.111416,169.99612,177.38722,-65.004814
image_027.jpg,149.78693,66.695526,-29.461582,147.81004,63.397507,-24.103157,147.46347,63.24618,-24.088858,147.1584,63.090435,-24.109016,147.4654,63.747417,-35.931118,146.75931,63.72708,-35.912388,146.0338,63.74025,-35.940548,142.79323,64.53821,2.3955612,141.27293,65.43125,-49.969765,147.90576,70.509224,-18.535234,147.17618,70.75898,-33.64717,136.2919,86.69029,47.235344,134.29181,82.55958,-80.9977,153.39062,99.40461,77.59837,160.96397,96.268005,-104.54334,171.14072,102.36176,58.1297,187.70822,98.34094,-106.82425,174.19844,101.13576,58.152424,194.09048,97.9546,-122.53067,175.33246,99.59535,45.424156,193.74937,95.02733,-117.35195,174.47443,100.374466,51.932693,191.4818,95.81593,-104.795,117.15381,135.39041,38.590576,113.65343,134.11472,-38.510593,101.3571,172.73543,63.010963,103.81585,175.38391,-20.815163,93.11868,204.71753,111.02351,92.65565,210.59303,28.490795,89.71363,210.38123,114.25086,88.83388,215.54071,31.779308,100.00083,214.70895,92.394745,95.79375,222.18884,1.7953596
image_028.jpg,151.96391,65.12017,-26.618368,149.91222,61.732513,-21.1198,149.55328,61.61303,-21.1108,149.23633,61.486866,-21.129217,149.55884,62.05486,-32.770287,148.82489,62.058643,-32.758385,148.07867,62.09716,-32.774406,145.15059,63.33745,4.614913,143.60017,64.18888,-46.48082,150.43242,69.3255,-15.982632,149.58217,69.53281,-30.734808,138.31583,86.922195,50.224606,138.25868,83.11151,-79.722755,153.96654,100.85618,86.00742,162.3722,97.92754,-107.7745,173.362,103.40328,71.6131,188.33513,99.0474,-112.535255,177.09995,101.38753,75.73874,194.00499,97.88904,-127.37855,178.64133,100.37981,62.612377,193.35681,95.216,-120.88504,177.74147,101.55435,65.26317,191.35788,96.200554,-109.82269,121.21818,136.3745,38.523823,118.93665,135.4505,-38.466476,106.59699,172.76521,58.52617,106.89445,175.97882,-25.85932,95.47886,203.5083,107.507286,94.55438,210.78938,25.686281,92.03749,208.05504,110.93025,91.08601,215.15596,29.455017,100.07492,213.98175,90.99064,96.00522,222.74277,1.8184973
image_029.jpg,193.87956,68.34284,-25.421068,193.52287,65.64261,-21.566395,193.44827,65.748924,-21.552076,193.39156,65.825294,-21.550976,192.8698,65.06136,-30.142902,192.22159,64.719246,-30.169193,191.57614,64.41687,-30.28164,189.94626,66.099815,1.5261227,187.45288,64.41852,-38.279358,191.81064,71.062904,-16.02338,190.7839,70.23368,-27.458992,184.56244,79.5287,35.17069,179.7512,73.42246,-61.127316,193.383,84.3603,61.184597,202.01556,74.753555,-81.19224,201.82428,80.51851,65.15759,224.67032,69.92889,-82.603516,203.64166,78.238,71.28365,229.01938,69.10353,-90.8514,204.65714,77.11154,63.39932,229.94263,66.13549,-86.32678,204.25223,78.3904,61.832466,228.57532,67.36993,-80.00491,184.93356,112.74243,25.66024,179.728,113.75481,-25.705004,189.83589,113.976006,14.653081,175.156,137.42017,-55.232788,184.35632,126.796875,36.42269,164.72122,170.61682,-55.09482,182.93433,128.93964,37.569626,162.03265,175.88542,-55.07616,182.70616,127.33934,20.940725,163.76282,179.31523,-73.853874
image_030.jpg,196.39249,70.388374,2.4199247,195.70923,67.78818,7.86965,195.54898,67.585335,7.8723855,195.41232,67.36383,7.8491664,195.26654,67.938416,-1.1018976,194.74823,67.8299,-1.1019306,194.23541,67.74818,-1.1495491,192.45116,66.89338,28.940647,190.76903,67.70016,-11.485305,194.8227,72.216644,10.491185,194.1818,72.31212,-1.1349524,185.45795,79.682465,60.064705,184.77078,75.5269,-44.947895,200.94499,82.77498,79.50253,207.22195,76.390144,-71.8905,213.36656,74.24382,66.74222,226.05853,68.79321,-75.411316,217.08167,70.29541,69.09442,229.9419,66.25829,-86.708374,217.20721,69.979164,61.982567,229.31938,65.32568,-82.47227,215.952,71.47218,62.696644,227.71616,66.9883,-73.461395,177.80672,113.76142,32.248997,176.34966,112.80441,-32.233994,172.51686,143.59343,26.107002,168.66045,143.00229,-36.21986,163.16449,172.13557,39.462494,158.40874,172.70967,-32.866814,159.73276,176.80495,39.757294,153.58595,178.05151,-33.78238,170.1335,178.74475,25.303442,165.19907,178.31952,-56.01297
image_031.jpg,191.6089,67.89969,-9.942576,191.60538,65.1333,-3.9602647,191.9266,65.01407,-3.946436,192.24301,64.86387,-3.9658592,190.1325,65.1136,-11.337179,189.33586,64.9714,-11.36827,188.53302,64.86523,-11.455044,190.6753,65.064865,24.47379,185.87704,65.23461,-8.999063,191.54071,70.202194,1.132227,189.58214,70.169174,-8.419355,185.75198,78.73236,63.109665,185.0548,73.903595,-41.395966,192.849,88.24001,79.2031,208.7155,76.651436,-66.35751,196.23395,79.70698,72.85687,226.55867,69.965614,-55.73923,197.60237,76.908424,71.91885,231.8251,68.87432,-62.489532,197.15457,75.53038,69.442635,230.3173,66.755615,-61.591675,196.75848,76.77382,70.66527,228.02109,68.09562,-53.851723,185.17836,112.06041,30.558971,183.19466,111.43814,-30.570555,183.47893,141.91618,34.930157,175.09247,142.64767,-33.07158,175.50082,168.39197,61.301533,164.2617,171.53513,-22.508432,172.33481,172.79285,62.76346,160.42789,176.96004,-22.092796,180.15654,175.07254,45.97853,169.11537,177.7774,-45.45645
image_032.jpg,146.60316,67.2746,-33.037376,145.40407,64.099556,-25.826624,145.574,64.17166,-25.819414,145.79756,64.2323,-25.844564,143.87236,63.657948,-36.945793,142.76999,63.333,-36.927315,141.66795,63.044186,-36.970604,141.48308,65.261765,7.8141456,135.82074,63.993874,-42.081142,144.6921,71.108925,-19.910933,142.39536,70.48753,-34.343002,137.93082,86.550606,45.932804,124.75742,79.00738,-69.227615,161.88773,97.7381,59.949497,153.1307,94.04016,-94.74174,183.13794,96.21755,26.530392,181.36324,93.69013,-100.91907,189.30164,94.99495,25.369022,187.89833,94.0762,-114.719955,188.8691,93.79475,13.317732,188.3333,90.96753,-111.45039,186.26114,94.54367,19.78041,185.8992,91.63876,-99.8358,121.81934,134.32492,34.444862,112.05466,132.5671,-34.378826,105.49526,171.30667,49.21845,102.085785,172.14404,-28.239422,96.57161,201.95042,88.192795,93.243416,208.44003,8.1274805,93.10715,207.33157,90.553925,89.39621,213.82657,9.932538,103.11646,213.07071,68.09793,97.67143,220.71516,-21.827423
image_034.jpg,152.62321,64.88963,-30.103367,150.47263,61.54953,-23.852364,150.33342,61.39645,-23.84084,150.23615,61.234932,-23.854095,149.55397,61.904045,-35.24221,148.63817,61.905376,-35.224297,147.70834,61.941612,-35.25438,146.16098,62.93227,4.622819,142.69576,63.96623,-45.76298,151.32582,68.95397,-18.837206,149.84785,69.27095,-33.421143,141.35909,87.14789,49.42928,135.48439,81.57225,-79.06442,156.34653,101.55198,79.44469,160.06317,99.02976,-104.500725,173.35135,101.341125,60.97859,187.63348,98.18034,-110.454834,176.88715,99.52659,62.32178,194.36423,97.24278,-125.77018,177.98376,98.14963,50.30539,193.65463,93.93897,-121.5355,176.80098,99.04303,54.88098,191.31625,94.9722,-108.87902,122.24941,135.311,38.404175,116.49299,133.10255,-38.311962,106.85361,172.24515,59.526806,104.72983,175.11487,-31.62339,95.11661,203.60413,105.86239,92.88971,211.73564,9.54369,91.2784,208.66147,108.834496,88.9476,216.33548,11.860178,100.952835,214.89606,88.327644,96.85501,225.77191,-19.283848
image_036.jpg,197.59514,70.24276,-1.1754973,196.45308,67.36533,4.0615506,196.18991,67.1959,4.0757184,195.96422,67.01659,4.0335236,196.0968,67.57521,-6.1038346,195.4959,67.493904,-6.0913415,194.89784,67.44829,-6.095108,192.76901,66.87532,25.974638,191.44672,67.50049,-19.58874,196.15274,72.27196,7.8335752,195.66437,72.47917,-5.1952724,184.89471,78.70875,57.647377,187.94402,76.35577,-46.577225,199.14229,81.23628,86.08482,209.14223,77.00769,-76.56073,212.81256,76.81843,69.751495,227.54514,70.44138,-80.55852,215.53505,73.697815,73.76622,231.23746,67.27308,-91.90468,216.64893,73.76492,63.969025,229.46902,65.78868,-85.29779,216.08203,75.252655,64.95508,228.24959,67.292465,-78.07709,177.2973,114.536835,33.66468,178.11917,114.15694,-33.60862,173.95108,145.34552,27.703703,175.0643,145.56917,-37.266052,165.02708,174.61316,41.74011,170.00269,176.81114,-27.104305,161.4798,178.88629,42.045826,165.5148,181.39668,-27.196405,172.04604,181.88837,26.708424,178.26204,183.94043,-47.185028
image_037.jpg,141.89807,65.24482,-23.005774,139.68121,61.493862,-17.880621,139.30539,61.333824,-17.864119,138.97021,61.16239,-17.895136,139.39456,61.728237,-29.89496,138.66687,61.648716,-29.866657,137.93951,61.609547,-29.888182,134.30501,62.18748,6.3722324,132.86107,62.956383,-46.420025,139.96817,68.93335,-12.784296,139.15048,69.086105,-27.992231,128.58998,84.084724,50.35822,127.32803,80.074776,-77.85942,149.95337,93.90091,82.66345,155.3142,91.377266,-100.08507,170.25398,93.69879,72.41594,183.41125,92.066605,-100.45852,174.31308,91.5612,75.77635,189.92216,91.599655,-113.4673,175.63538,90.58747,64.02579,189.67491,88.90352,-107.7134,174.48282,91.67375,66.76494,187.46187,89.69247,-97.940475,116.48987,135.29742,38.68671,113.85582,134.33327,-38.648323,103.60681,173.88899,60.35246,105.01823,174.42075,-19.30994,94.79775,205.94307,107.021835,95.03703,210.4754,30.260334,91.53881,211.05414,110.325096,90.93681,215.76993,33.81761,100.93624,216.0135,93.18811,100.0254,221.38828,8.564686
image_038.jpg,140.59705,63.45529,-30.353214,137.87048,60.44006,-24.703457,137.44913,60.36155,-24.683128,137.07289,60.276554,-24.700642,137.60922,60.71048,-36.59188,136.90265,60.762306,-36.586082,136.18697,60.84267,-36.60622,132.50685,62.086945,2.6999764,131.41443,62.843086,-50.414574,138.96996,67.47502,-19.411684,138.44403,67.73475,-34.726242,128.5546,84.689224,46.11532,126.86084,81.84643,-79.37736,148.26584,96.95748,67.34371,154.83171,95.01245,-98.11299,169.79681,97.33308,39.205605,181.37025,93.938416,-104.190994,174.20189,94.26505,38.555244,187.6318,91.9292,-121.09543,175.61845,93.050964,24.901161,187.23112,88.88798,-114.70969,174.15956,94.67796,32.351658,184.91635,90.2395,-102.11447,116.518776,134.55391,38.937237,113.614395,133.99483,-38.851303,105.96901,171.04309,72.75104,104.46705,171.96785,-15.373413,98.63068,201.28935,125.760086,94.37715,206.51404,35.44278,95.50734,206.59927,129.42982,90.34189,211.64165,38.737583,106.03217,209.69937,109.20209,100.698814,216.86096,7.707056
image_040.jpg,150.45561,65.672134,-34.213974,148.07874,62.443672,-27.522568,147.9,62.319447,-27.500124,147.77017,62.190506,-27.530462,147.17267,62.82504,-39.231995,146.24649,62.89296,-39.215122,145.30771,62.9985,-39.24468,143.72063,64.01706,3.0391905,140.47075,65.11263,-48.967354,149.33484,69.88572,-22.186134,148.01694,70.27608,-37.160194,139.83539,87.57081,50.130554,134.59084,84.023224,-82.81463,159.08076,100.27093,80.075226,162.12134,98.47469,-107.91924,178.83505,101.30362,61.83979,189.80441,97.67619,-114.365005,183.18336,99.22641,63.212257,196.396,96.480865,-131.29807,183.50339,98.08447,49.905426,195.95564,93.276985,-125.53509,181.988,99.34234,55.298306,193.65274,94.44783,-112.478035,120.4151,138.10524,40.66652,115.41665,136.79372,-40.56927,104.52925,174.19281,72.4423,104.55229,177.02762,-23.233349,92.27174,203.89783,129.41989,93.635666,212.84196,27.689816,88.50931,208.86732,133.41376,89.262375,217.42683,30.957739,98.65365,214.35773,113.31595,99.63727,226.13431,-0.19476998
image_041.jpg,166.15053,29.542252,-54.432495,166.27945,24.664986,-47.6964,166.65962,24.567625,-47.642456,167.08951,24.450703,-47.65843,164.33768,24.515182,-58.50566,163.14284,24.198626,-58.469315,161.95238,23.932486,-58.509575,163.89436,24.99316,-8.082026,157.65108,24.58226,-55.456253,165.52237,33.554962,-38.01979,162.59445,33.247467,-51.609642,152.40247,46.96986,56.55519,153.84077,45.19952,-91.74748,172.01544,64.97252,102.08907,181.61545,65.55898,-123.80888,195.71454,71.77747,96.93376,206.42929,69.94936,-107.53514,201.15738,72.318474,101.19273,211.34148,69.918076,-117.24942,202.66272,71.48869,87.90562,211.1925,68.152054,-113.17578,200.94429,72.442726,91.299446,208.63815,69.02428,-105.0248,136.96329,110.81997,45.58246,137.04744,112.13649,-45.525642,126.23283,157.16493,64.575645,128.19897,160.27458,-30.533487,112.24013,197.19327,108.37005,113.47275,201.32048,6.601592,106.07864,202.7962,111.25914,105.304344,205.60971,8.4041195,125.06675,212.11057,89.84646,130.25888,219.15276,-23.507526
image_042.jpg,177.06815,34.387444,-20.365887,175.4147,28.669825,-14.949783,174.86075,28.263552,-14.898485,174.35014,27.839806,-14.939479,175.34807,29.187126,-29.724066,174.56383,28.992004,-29.704237,173.77647,28.836271,-29.726458,168.43088,27.38599,11.461483,167.82352,28.879337,-52.34182,174.04001,37.795235,-8.310129,173.46465,38.192867,-26.63577,153.15154,49.6634,60.49297,160.3359,49.135437,-89.668274,171.17596,71.64149,111.5627,184.35284,73.152756,-116.54934,196.40765,75.37404,135.14891,205.85693,74.60099,-99.64562,202.6659,74.52943,142.8136,211.38174,73.944786,-108.58794,204.4326,72.99547,132.31635,210.06407,71.68662,-107.0424,202.38661,74.233444,130.94054,207.4176,72.81048,-97.78373,140.13187,111.4946,44.287395,142.60176,113.45232,-44.25757,129.53001,156.0795,68.95918,129.79358,160.97437,-15.757657,116.26767,196.08823,114.15802,113.86356,200.60405,24.040321,110.3051,201.66544,117.32853,106.45328,205.03728,26.830156,127.38797,210.55013,102.27402,127.06959,217.10475,3.7879155
image_043.jpg,162.88342,30.256111,-75.30202,163.73482,25.401943,-67.243355,164.56784,25.403881,-67.22558,165.45073,25.397251,-67.26394,160.79042,25.000076,-76.839554,159.30179,24.592052,-76.806305,157.82053,24.242863,-76.8476,162.85626,25.985626,-21.231922,153.43839,24.779335,-63.35943,162.87453,34.403423,-56.724133,158.71774,33.832657,-68.80698,154.32649,48.12301,50.479774,148.36646,45.944508,-99.001175,174.23273,64.19897,102.42439,178.3789,65.91692,-136.76349,196.23009,70.05293,97.2441,205.87187,69.3119,-127.66361,201.15128,70.53094,99.82392,211.46738,69.5541,-139.38034,202.88841,69.54488,86.414505,211.67635,67.42635,-136.42091,200.9182,70.40244,91.365166,208.96237,68.299515,-125.83562,137.5667,113.064835,44.370174,133.023,114.42952,-44.29882,129.3061,153.0842,80.70001,126.638016,161.95996,-24.196512,118.38996,187.8827,145.77159,115.8429,203.65765,19.780476,113.295975,193.35185,150.67062,108.01133,208.09456,22.012383,131.26318,201.16801,130.09848,133.52263,221.69507,-12.98729
image_044.jpg,197.96104,47.284626,-26.660135,197.91293,43.009308,-21.422243,197.58331,42.829765,-21.369135,197.28539,42.636272,-21.429394,197.88385,43.1268,-32.385647,197.42662,42.82937,-32.381855,196.93213,42.57637,-32.395638,193.1758,43.081676,6.4300303,192.66249,43.25012,-42.551773,195.38353,50.507362,-15.500954,194.77231,50.300644,-29.47901,179.25656,62.722248,51.916733,178.67195,59.646996,-78.429825,183.86427,83.45654,103.56969,186.9018,83.97617,-157.5014,196.39131,71.349625,148.64388,201.86632,69.101685,-211.73921,200.62729,67.457596,156.22162,206.05069,65.19926,-226.9886,200.2656,65.85977,152.4134,203.5564,62.62655,-227.14328,198.74426,67.1862,147.12808,201.55775,64.88942,-212.45186,155.37595,117.71326,44.14005,154.54042,118.39484,-44.10427,139.54945,158.44855,66.71552,141.89545,165.34999,-38.401234,119.800644,193.31146,106.778114,117.28546,199.21437,-26.620234,112.540344,196.73363,109.13659,108.64328,201.04424,-26.684464,128.62381,211.22592,86.61572,127.612,219.73761,-58.164604
image_045.jpg,180.30716,36.536243,-23.470573,178.37784,30.384665,-19.781052,177.59601,29.975996,-19.738005,176.85443,29.55313,-19.782345,179.07423,30.836514,-34.23644,178.53636,30.573034,-34.229477,177.9978,30.346706,-34.27833,170.41151,28.757065,4.266334,171.92834,29.924755,-59.06326,176.57306,39.69459,-11.9555235,176.86536,39.988667,-30.296753,154.75739,51.85835,53.474663,164.1358,50.390408,-86.19004,175.50813,76.81163,92.36004,191.03493,78.71061,-84.10097,191.80942,68.757744,101.61637,207.91946,66.83633,-51.329315,195.92267,65.56234,106.43465,213.93196,62.331245,-61.894802,196.85295,62.862133,99.859085,209.80795,59.01319,-62.37141,195.49045,64.00812,98.42118,207.25471,61.357098,-50.12415,139.05873,109.82285,42.167797,142.61633,111.57298,-42.108147,129.31932,155.58583,67.85837,134.17776,160.11357,-11.715254,113.16316,197.57501,106.07602,115.496284,199.43872,25.641438,106.61202,202.8138,108.651794,107.44592,202.42482,28.60471,124.86904,213.9848,95.07404,128.51855,218.44327,7.9507
image_046.jpg,117.680504,96.38885,-33.63672,111.99314,88.80365,-26.5004,110.72131,88.460884,-26.464117,109.509705,88.09608,-26.544935,112.26637,89.57604,-48.458664,110.92706,89.56232,-48.51809,109.58976,89.60319,-48.548183,97.49281,89.26114,12.080731,97.65936,91.87534,-86.219086,111.56067,103.05938,-15.616835,111.427536,103.54333,-43.864273,85.122025,123.25135,77.24955,84.05201,125.98111,-131.55937,121.98738,133.15956,156.10643,142.17819,148.92993,-157.99742,157.77151,126.587234,153.63058,197.22527,142.00356,-110.46538,163.74458,124.280174,151.86131,210.28557,140.47931,-124.09568,165.37198,121.88641,137.43536,208.43832,135.4148,-119.8724,164.11774,123.93327,145.99333,203.69785,137.25116,-107.25133,94.54375,222.35805,57.407547,87.21482,226.37161,-57.120872,112.477486,276.91367,96.49376,114.70685,275.60397,-40.9807,115.60089,332.86703,186.69675,110.617134,341.55115,50.941296,110.47281,344.1178,193.87244,102.36431,352.74103,57.868504,134.5555,338.86487,166.36644,130.83653,351.54785,28.746765
image_047.jpg,131.29395,98.558136,-22.992666,126.86314,90.22595,-16.93641,125.79245,89.733795,-16.936726,124.78682,89.226036,-17.013077,126.86604,91.04406,-38.123775,125.55485,90.94046,-38.18948,124.25147,90.88046,-38.2131,114.40541,89.061615,19.001276,113.65044,91.92477,-75.27803,125.55382,104.53063,-5.28075,125.26359,105.11242,-32.536892,99.75884,124.4423,81.637146,99.39294,123.52911,-118.832504,131.9797,140.74734,153.1141,152.12053,152.21109,-149.06517,166.64609,133.44191,126.96306,204.6153,146.59807,-110.815544,171.45651,130.16176,121.33805,216.56502,144.22565,-126.15844,175.06316,126.31763,105.24751,213.97617,139.22107,-120.184135,174.6319,128.33652,117.81723,209.63528,141.09077,-107.26234,103.80901,227.57504,54.050465,97.69764,228.08652,-53.72706,108.64578,289.7398,90.70047,100.154434,285.56906,-32.16618,108.44815,350.37598,176.58904,97.86267,357.1474,47.371872,102.90489,361.5337,182.83937,90.30211,369.56567,52.41676,125.7766,356.20123,146.85808,118.12031,364.69788,13.133953
image_048.jpg,110.10734,94.06337,-44.19246,104.72469,86.74719,-38.087315,103.714226,86.58322,-38.07136,102.76825,86.390335,-38.129,104.227615,87.32251,-58.08128,102.648605,87.34424,-58.164993,101.092636,87.40927,-58.269672,91.11375,88.63266,-2.2007844,88.75737,90.29522,-91.77819,104.596245,101.819695,-27.42775,103.68617,102.058395,-53.210457,87.65465,127.13373,56.199345,76.8291,127.87774,-128.46434,136.74757,143.2326,105.794975,134.73434,146.97305,-144.80351,178.39006,147.15813,84.29012,192.12509,148.43219,-104.96555,184.65155,145.88759,82.742004,204.73425,147.41623,-119.159386,188.62367,143.10133,66.531075,204.3494,142.52753,-113.684654,186.8525,144.88278,76.4883,200.63612,143.7408,-101.72157,97.135895,220.6299,50.58625,84.81224,226.14633,-50.247036,122.212944,267.16644,83.510544,119.87614,275.67728,-46.68133,123.47126,316.78787,173.51614,116.7843,327.67728,38.888607,119.58095,327.2131,180.09515,110.049194,336.69733,45.30442,134.26698,325.4005,154.53047,131.11224,336.8783,18.467443
image_049.jpg,119.93465,96.87561,-35.827328,114.11104,89.013176,-29.279472,112.88263,88.684715,-29.239895,111.719696,88.33209,-29.275301,114.20317,89.80542,-51.230766,112.82502,89.83478,-51.31083,111.45531,89.912254,-51.39151,99.87692,89.566284,9.1883335,99.59975,92.26722,-88.42679,114.08162,103.83581,-17.760868,113.89516,104.39866,-45.865295,90.585754,125.77583,72.86592,87.23744,128.3751,-131.32867,132.71265,138.99625,130.19241,143.73837,150.00876,-158.60199,170.59933,139.69221,94.771225,197.39998,146.06107,-117.35205,176.79628,138.62866,88.682434,209.17319,144.65059,-132.223,179.31032,136.14055,70.77066,207.59708,139.69771,-126.76353,178.01163,137.96313,84.97352,203.56499,141.18945,-113.87082,98.8737,226.07782,55.241936,89.94214,230.5067,-54.935394,117.90626,281.80618,87.7581,111.755974,282.40594,-47.106354,120.47963,340.1086,173.05899,107.457466,349.172,36.609806,115.54719,351.7475,179.26645,99.84766,360.55286,42.422386,138.2939,346.41794,150.79362,125.228745,358.70923,9.109213
image_050.jpg,107.29547,94.19224,-35.54291,101.423645,87.075325,-29.327543,100.14397,86.700775,-29.299702,98.92593,86.30405,-29.353743,101.54219,88.35214,-49.55726,100.20601,88.65308,-49.638657,98.87879,88.99693,-49.711845,87.44141,88.8121,2.8228774,87.35286,92.70865,-86.5213,101.986465,101.82663,-20.130892,101.87724,102.83336,-45.773834,79.550186,126.81162,61.06829,77.8338,131.73007,-126.763214,122.499725,139.7508,121.13699,134.42828,151.91444,-140.28552,162.97807,141.05405,103.88699,191.79626,150.02715,-98.00801,168.80974,139.26372,100.6128,204.55505,148.60994,-111.21825,173.1862,136.85493,84.97345,203.49423,143.5981,-106.373825,172.35876,138.9139,95.91666,199.23164,144.93636,-95.00637,91.21901,222.93558,51.730927,82.62279,228.3219,-51.436077,109.56196,269.35028,88.51601,108.80934,274.71838,-31.023647,112.33117,318.68042,175.56403,109.39538,328.89655,66.10514,108.47716,329.31363,181.9985,103.253365,339.1794,73.08166,126.202484,323.76227,153.26282,127.26361,334.94626,43.045395
image_051.jpg,114.800255,96.68377,-43.20419,109.56262,89.45543,-37.854305,108.38811,89.3111,-37.812115,107.268005,89.13397,-37.83252,109.55882,90.12056,-58.34414,108.18451,90.15806,-58.446316,106.820694,90.24255,-58.555084,95.72305,91.43749,-3.2580762,94.903145,93.10845,-94.819824,109.182014,104.235115,-26.621784,108.89078,104.462524,-52.890472,89.50375,126.835495,58.651222,84.063194,131.12886,-129.97464,141.47699,139.91028,115.143875,140.36024,150.0772,-150.3108,187.81003,148.85849,98.81505,194.87007,148.93555,-111.40474,195.17937,148.04453,97.13268,206.78261,146.11516,-125.72514,198.5404,146.76685,80.80885,205.41489,141.44131,-119.25334,196.60477,148.97403,91.01514,202.13686,143.31992,-107.963646,96.964554,223.94786,55.431904,87.86891,229.89314,-55.053986,121.9767,274.34018,92.8782,124.79256,278.07922,-47.5513,122.68092,326.02353,189.34859,124.14809,335.1356,44.70279,117.69349,336.46774,196.82117,116.44888,344.96704,52.301502,136.6667,334.19873,175.07477,141.9527,344.14084,32.245106
image_052.jpg,142.67088,56.90827,3.4112716,143.26428,53.702576,-9.167686,142.99216,53.853992,-9.17261,142.77673,53.983696,-9.182727,145.32703,53.248264,0.09409084,146.33282,53.052315,0.14076228,147.35277,52.931515,0.0924898,145.54166,56.341576,-45.829514,151.72739,54.663586,-3.6849723,143.47153,61.044823,-6.8547096,145.20178,60.50063,5.5040283,143.98698,76.53424,-64.18996,165.90094,72.25246,28.202696,119.67449,90.009926,-39.40555,154.72054,83.472305,102.66125,103.41183,77.67527,23.148567,137.01099,72.84735,167.44394,98.4958,75.6307,22.871162,133.84128,70.35205,179.42606,99.95922,72.18182,26.525003,132.8805,68.75697,172.15685,102.848145,73.463715,26.136324,133.84282,70.28297,165.50351,157.90147,129.37871,-25.47035,170.32228,127.19062,25.566122,156.93077,164.17114,24.29834,172.75917,164.73825,62.942528,160.35866,200.96783,69.73987,176.76599,201.2786,90.99976,163.07634,207.52249,73.88442,177.66394,207.13983,93.85553,150.85411,205.58656,68.19536,174.39792,207.09624,89.29325
image_053.jpg,140.47197,57.634327,12.939583,140.32446,54.499134,0.99847233,139.94653,54.556545,0.98812073,139.6265,54.5948,0.98817563,142.36935,54.268715,8.867937,143.32204,54.128094,8.916271,144.29643,54.060265,8.870734,141.84224,56.36333,-34.709858,148.33095,55.35866,1.7815361,141.32759,61.140152,2.6464753,143.105,60.87528,13.423094,140.87993,75.54995,-54.95301,163.69498,72.05329,26.94375,116.38832,88.65573,-36.39611,152.67776,84.42998,96.08562,102.82944,78.360886,16.276243,133.86609,75.00739,155.51942,98.45552,76.48761,15.180325,130.18442,73.02107,166.30615,99.96957,73.47785,17.981998,129.38025,71.39746,159.77924,102.6951,74.60685,18.664093,130.54369,72.727905,153.77762,153.84618,128.56418,-22.596796,166.72499,126.73302,22.713306,155.38197,163.84189,17.768057,169.73996,163.78772,57.913857,160.75711,200.81781,55.83389,174.44632,198.80916,85.14467,164.23979,207.0266,59.37081,175.71318,204.31186,87.73549,151.76402,205.96413,54.547863,171.99411,204.5855,83.87352
image_054.jpg,141.4699,57.71575,12.972268,141.41318,54.573154,0.7861426,141.0655,54.680786,0.7786778,140.77562,54.7662,0.77233845,143.42787,54.18467,8.899458,144.35068,53.987175,8.951002,145.28961,53.862606,8.914946,142.92566,56.890625,-35.817913,149.16971,55.40245,1.7552681,142.21661,61.492393,2.3566108,143.85924,61.037773,13.377163,140.72313,76.147514,-59.696648,165.25296,71.8582,27.692131,117.14189,89.00021,-39.08156,155.89087,85.183426,95.63735,102.03923,78.34664,14.711615,137.98709,76.500534,160.59996,97.36998,76.521576,12.922393,134.54865,74.43242,172.3989,98.481155,73.32007,16.173517,133.36002,73.019424,165.6198,101.30753,74.50437,17.229425,134.37762,74.38427,158.83673,154.7514,130.64722,-23.866825,168.51195,127.99463,23.97778,155.87245,165.42519,19.723608,170.60474,163.84563,62.847076,160.04434,200.54796,61.502956,174.0037,198.25711,92.334656,163.16202,206.46074,65.54269,174.6991,203.69943,95.24349,151.41507,205.91698,60.196453,172.22101,204.44266,90.401924
image_055.jpg,157.45667,71.13284,68.111595,155.75157,67.773254,56.935616,154.1881,67.91971,56.981525,152.66681,68.053345,56.889816,160.15079,67.46169,55.455532,161.6223,67.247,55.471035,163.06693,67.11375,55.432404,150.35495,71.348495,13.773323,164.52219,69.8638,7.6195936,154.85117,75.48274,54.72742,158.96185,74.849236,53.094765,134.84882,95.323,-4.122991,178.80411,93.63284,-6.5013194,111.18056,113.08022,54.214508,206.05817,112.87373,41.63505,99.59595,97.726494,135.58612,207.9205,98.07359,131.59102,94.370026,94.37996,145.42178,211.50758,94.84958,144.82146,97.24191,91.10695,148.26154,206.51895,92.55619,145.78212,100.53363,92.94988,138.31694,204.2778,94.32775,134.58252,146.488,163.1654,4.3459396,169.38864,163.7768,-4.2686634,139.36113,200.35538,60.037476,181.80359,201.00948,41.703064,137.48314,235.95416,70.45981,183.58644,238.694,31.495573,138.63861,242.6034,71.85477,181.78209,244.99048,30.923746,131.475,239.85034,75.428535,187.46332,244.97789,36.17445
image_056.jpg,142.78859,57.14988,22.749565,142.83809,54.066727,9.542359,142.42854,54.115185,9.530511,142.078,54.146126,9.534267,145.09775,53.97294,17.318428,146.11555,53.920864,17.382364,147.14522,53.948284,17.348816,144.20963,56.197,-29.404728,151.1043,55.643593,6.0085306,143.37955,60.783085,11.726374,145.35696,60.658436,22.249422,140.518,75.31341,-48.29905,166.4022,72.907036,29.136112,115.11413,89.65729,-23.236935,156.5275,87.61819,101.64165,102.7256,79.78743,38.51273,137.89574,77.42855,171.91454,98.55582,77.94648,40.386814,133.9514,75.02851,186.43561,100.39957,75.07427,43.710854,133.08183,73.46589,180.01045,103.19734,76.19298,41.43084,134.4221,74.93723,170.62523,153.91608,128.90839,-19.330902,168.64972,127.44016,19.46671,156.51471,163.46695,26.083916,173.74602,165.07889,51.3097,160.69662,200.64108,68.79184,179.29224,202.03305,73.15603,163.14787,207.06998,72.95843,180.0284,207.46362,75.415085,154.37285,205.44179,73.70544,179.4532,209.20932,74.81967
image_057.jpg,158.44612,71.504684,89.60453,156.40619,68.46973,79.004906,154.80618,68.72195,79.05897,153.24402,68.96079,78.96557,160.91968,67.93907,77.04293,162.3662,67.687645,77.05858,163.7841,67.516014,77.028496,150.43582,72.436325,36.228176,164.84712,70.38236,28.267284,155.54669,76.13976,76.03007,159.75491,75.26535,73.916084,135.14156,96.90975,13.696493,177.85822,94.20731,12.252245,112.08824,115.80293,60.215603,204.57773,113.89566,54.759026,98.80684,99.61459,129.19058,207.46228,97.29528,141.22766,93.35504,95.96828,138.92104,211.11177,93.61388,154.34418,96.13023,92.64907,141.83318,206.37312,91.030365,155.39706,99.59075,94.428856,131.9009,203.98251,92.70349,143.52928,146.86815,164.3977,4.9547095,169.0109,164.74599,-4.8981686,141.13284,202.10304,39.628426,183.57565,203.13074,19.558586,139.56021,238.67119,19.274622,182.85733,241.7414,-23.341969,140.66867,245.01614,17.582718,180.58617,247.7776,-27.17068,133.85378,244.23123,22.764072,186.69699,249.28142,-20.951357
image_058.jpg,142.39297,74.38753,43.962322,142.5636,70.5056,32.69636,142.31537,70.620415,32.749447,142.12164,70.72785,32.73319,145.36882,69.755936,41.225582,146.69893,69.41888,41.212746,148.05482,69.140045,41.164917,145.06573,73.53524,-6.3078556,153.89133,71.32989,31.733265,143.65141,79.12524,32.46265,145.691,78.4339,43.395428,136.52542,97.07727,-20.353657,177.20514,90.94101,28.807375,116.49647,111.88225,-48.076553,200.69704,106.90091,70.6632,101.19454,96.10511,-68.17783,206.6968,97.307434,140.77113,97.87302,93.58824,-75.922966,211.47748,95.778015,152.46423,98.30054,90.70979,-71.25625,206.41081,94.29285,151.1709,101.21933,91.73894,-66.93172,203.48245,95.41879,142.70213,148.61624,162.93024,-5.0184484,170.06512,162.28778,5.1547284,148.82294,204.0815,25.163956,179.84515,203.61456,23.684036,147.41467,241.5608,60.654873,181.31653,243.91397,40.410748,148.27054,247.1535,64.36019,179.73706,249.94897,42.404305,143.35478,248.10336,59.71798,182.24658,251.09224,33.076958
image_059.jpg,157.28426,70.32598,100.925285,155.1015,67.209435,89.55452,153.4681,67.409546,89.59764,151.87296,67.59643,89.52406,159.79156,66.80598,88.18254,161.32959,66.58529,88.19493,162.83464,66.43974,88.16375,149.49911,70.911316,42.812443,164.37918,69.184044,36.70594,154.8012,74.79292,85.91335,159.11247,74.05592,84.42801,134.61504,94.54268,17.1917,179.26942,93.609116,18.445057,108.890366,112.685196,62.06337,203.26598,114.47211,60.30245,97.80552,98.381935,129.98755,207.25023,98.23236,140.80304,92.735,95.030655,139.69923,211.53354,94.788826,153.40999,95.9337,91.59628,141.9292,207.04767,91.49006,153.83159,99.1726,93.12084,132.62096,204.42487,93.01534,143.17656,146.83195,165.03302,5.440192,170.43245,165.95407,-5.3264675,140.54791,205.63373,40.845257,182.64569,208.23105,18.252298,137.54869,245.02075,39.755245,183.153,250.1536,-13.585854,138.4627,251.53181,39.985703,180.89568,256.642,-16.731537,131.80368,250.22885,44.7189,189.03085,256.96838,-15.066868
image_060.jpg,155.79253,69.122574,78.7862,154.19025,65.87438,67.58315,152.71631,66.04316,67.627075,151.27992,66.20549,67.52829,158.59753,65.54643,67.42662,160.09955,65.34312,67.44202,161.57533,65.22234,67.41677,149.62164,69.547935,21.487751,163.80508,67.93921,21.573488,153.76694,73.714485,63.829353,157.79128,73.05967,64.118225,135.04669,94.78501,-0.8813309,180.12682,92.81997,7.156589,110.855446,113.71453,47.62819,205.15944,113.240135,58.279594,98.76469,98.564804,121.751854,206.20224,96.82908,153.11044,93.45917,94.872574,131.0062,209.68018,92.89396,168.34937,96.541504,91.38504,133.92165,204.6952,90.26104,168.33502,99.961235,93.04224,124.44647,202.30975,92.12571,155.30011,145.83952,165.89952,1.4723303,170.03027,166.35742,-1.3844292,141.1678,204.19302,51.82528,183.78838,206.06944,40.129738,138.4865,241.49352,57.03891,181.18353,245.57487,22.005816,139.67331,248.02832,57.834778,178.61533,251.63782,20.429588,131.59045,245.68774,63.377094,184.48584,252.65779,27.963848
image_061.jpg,160.05516,70.83828,77.54431,157.9511,67.370094,66.67651,156.34723,67.52263,66.72049,154.77408,67.667305,66.62976,162.37099,67.06348,64.24935,163.73407,66.86308,64.27008,165.06667,66.73594,64.2373,151.4799,70.96151,24.85135,165.65936,69.50536,13.634497,156.97887,75.40174,64.51895,161.05577,74.782166,61.43876,134.34077,95.258736,5.4996176,178.1233,93.646675,-1.048114,109.942894,114.451515,54.497536,203.9494,113.945366,46.223293,98.14556,98.48744,126.9968,207.3447,98.627106,135.39397,92.822266,94.915695,137.45813,211.38074,95.370804,148.45708,96.224,91.65495,140.45139,206.59523,92.90678,149.34103,99.46149,93.41633,129.86716,204.05417,94.45352,138.21234,146.36359,164.6391,6.1161942,169.37039,164.91205,-5.98102,140.51926,201.60585,54.488663,185.67314,201.97043,29.625376,137.24622,237.10356,47.94653,184.46547,240.14131,-2.1426733,137.75688,243.71504,47.68119,181.7936,246.2142,-4.8634067,131.63916,240.90337,52.54469,189.04509,247.29803,2.4187908
image_062.jpg,143.4621,74.97699,49.1601,143.84448,71.297585,37.969364,143.59329,71.33011,38.024014,143.41362,71.364525,38.010468,146.48088,71.010376,48.486954,147.78654,70.83986,48.459606,149.1129,70.72162,48.416172,146.74316,73.97142,-2.446329,154.94002,73.09464,45.89367,144.91078,79.458,36.718525,147.04617,79.19697,50.62843,143.3137,96.86489,-25.40998,171.78354,94.02405,34.00578,115.44464,110.560936,-53.566444,192.65005,109.05687,14.232475,100.000015,97.41465,-63.51128,205.00192,97.933784,0.6796988,96.78735,95.331894,-73.47246,210.44547,97.16944,2.1816924,98.00544,93.03549,-65.88169,206.48651,95.347404,-1.6691422,100.552025,93.94721,-61.43989,203.57898,95.948074,-0.6543934,153.21764,163.4584,-12.445515,163.53131,163.271,12.587842,156.97787,211.1444,-15.052728,162.42538,212.19756,7.1456695,160.00882,254.00336,27.565228,165.68704,257.35815,37.406296,161.17886,259.59753,31.259197,165.08945,263.22076,39.98992,158.99808,263.5185,11.5559845,168.03862,268.13892,18.73501
image_063.jpg,155.75166,70.70485,84.83487,154.02968,67.85584,74.66713,152.4907,68.11704,74.710075,150.9895,68.36342,74.61369,158.41138,67.338844,73.5831,159.88223,67.092575,73.59526,161.32845,66.92041,73.55168,148.69269,72.04122,31.387785,162.86415,69.92224,27.416225,153.19635,75.330956,70.89143,157.22101,74.44284,69.839325,134.51346,96.41113,8.012524,176.72128,93.95147,11.45216,111.55399,115.03288,53.055004,199.90105,114.475006,56.141556,98.57652,99.10937,119.91002,206.82549,99.51669,137.66234,93.55194,95.92426,129.13431,211.45053,96.66933,150.13266,95.98273,92.22856,130.93156,207.372,93.85754,150.81667,99.216354,93.747894,122.10858,204.5497,95.16965,140.13844,146.21764,162.97841,2.0554957,168.48961,163.2813,-2.002025,141.11896,201.25574,36.907516,181.42688,201.44286,27.53217,140.95624,237.89503,27.498323,182.46863,239.57904,-8.082217,142.43018,244.25858,26.997551,180.57602,245.786,-11.3992195,136.1184,243.3212,30.189762,186.37901,246.4627,-7.4195967
image_064.jpg,157.05835,71.838486,82.538185,155.05827,68.62561,72.51149,153.43428,68.7978,72.55424,151.84605,68.95567,72.45569,159.62709,68.18538,70.45877,161.1359,67.910614,70.48396,162.61925,67.71408,70.447655,149.35304,72.06793,30.719051,164.00742,70.212906,22.09684,154.3714,76.05904,69.323746,158.63356,75.293526,67.01325,134.86621,95.7479,11.525148,177.98611,93.32089,4.409334,113.081665,113.988434,64.11013,204.54176,113.27993,48.379597,100.028305,98.36635,139.85872,207.47163,97.727356,135.038,94.70848,94.80626,150.66705,211.27252,94.42323,147.7289,97.041306,91.63713,153.64868,206.61212,91.74643,148.51596,100.31824,93.27982,142.76614,204.22165,93.39043,137.8323,146.36142,162.88266,6.431379,168.59756,163.60336,-6.3693,140.04175,200.06764,48.76905,182.7545,201.45035,24.81385,137.22006,235.57211,41.14052,179.89246,239.63367,-6.7387815,138.18869,241.7294,40.89631,177.47699,245.59396,-9.194422,131.02289,240.6787,46.388313,182.64017,246.97778,-2.5526679
image_065.jpg,147.84564,56.01416,23.862514,148.41737,52.655025,12.820664,148.31183,52.68886,12.814727,148.26007,52.703625,12.818586,149.85979,52.400528,22.434175,150.69263,52.202633,22.476204,151.54707,52.07003,22.434168,151.03288,54.252632,-21.827986,155.68805,53.130993,22.223156,148.98827,59.548,13.453711,150.12236,59.175682,26.351612,148.7085,71.73449,-50.115578,172.32161,69.18985,47.138634,119.79729,79.61246,-37.024582,161.71568,78.87481,105.990585,105.38292,75.834274,16.80613,146.52953,77.18274,158.4409,100.943054,75.24832,15.70812,143.1969,76.861694,171.072,102.33133,72.87977,19.619797,143.17198,76.02849,164.79385,105.38292,73.62527,19.681818,143.6973,76.83669,157.04729,161.77417,125.63045,-27.314413,173.71252,124.3542,27.364624,161.68547,162.7309,-3.5568466,173.61122,163.27707,50.14834,162.77386,202.51988,25.366354,175.10025,200.96996,70.128975,165.73112,208.83282,27.881207,175.69862,206.44151,71.590096,153.43835,209.39536,16.775383,172.89413,208.71098,61.118843
image_066.jpg,154.0182,69.23635,75.63427,152.61331,66.42592,64.99988,151.15494,66.724304,65.05117,149.7388,67.01059,64.94344,157.05542,65.81018,65.16104,158.62741,65.53009,65.17595,160.17554,65.33415,65.145134,148.31665,70.74889,20.4652,162.69284,68.27362,22.413342,151.96881,73.98746,61.286324,156.06798,73.00978,62.001183,135.0131,95.81806,-0.41341826,178.4216,93.18231,8.805638,112.52739,114.83969,50.999035,202.89986,114.59597,59.398876,99.51355,97.87295,127.10773,205.80063,99.092636,150.38739,94.3209,94.367836,137.04396,209.56363,95.745094,164.63214,96.733795,90.65086,139.18387,204.7832,93.269135,165.02124,100.1093,92.29196,129.61636,202.31577,94.91179,152.58206,145.85616,162.88293,0.9963031,168.77473,163.46408,-0.93062705,139.56436,200.36827,44.47602,180.16382,202.76518,37.69267,138.36769,236.7092,46.944202,181.81879,241.09605,13.45612,139.68063,243.38591,47.501816,180.05974,247.61607,11.26275,132.53622,240.64119,51.035694,185.33624,246.6354,15.33657
image_067.jpg,157.26385,69.318016,103.879196,155.12898,66.330246,92.857925,153.47694,66.57957,92.905,151.86339,66.8111,92.82213,159.85449,65.84523,91.46743,161.39691,65.615906,91.476715,162.90433,65.46069,91.433624,149.25528,70.5689,46.998497,164.31116,68.65638,40.678272,154.54134,74.12086,88.99194,158.84686,73.27556,87.36805,134.18411,95.09133,21.45109,178.13354,93.883934,21.927345,108.791824,112.529465,66.950066,202.28061,114.36423,65.1281,98.19948,97.05784,137.92395,207.61813,98.18902,145.45728,93.222,93.53517,149.3384,212.23978,94.85796,157.95752,96.65163,90.18311,150.79051,207.75677,91.75162,159.30196,99.822784,91.79379,140.36256,204.99266,93.196686,148.21179,145.67245,165.66006,3.9885664,169.00983,166.68689,-3.8973687,139.03383,205.43471,34.394917,183.23701,208.07329,19.641378,138.45512,244.27545,10.221696,180.5143,248.42409,-30.075302,139.6506,250.93257,8.209407,177.81186,254.40958,-34.741013,133.40251,250.14874,11.464168,184.3234,256.90723,-31.232126
image_068.jpg,159.35329,69.32891,80.34974,157.46242,66.26929,70.06016,156.00134,66.52802,70.10802,154.56885,66.78104,70.03438,161.661,65.80056,68.35698,162.9901,65.5901,68.37363,164.29102,65.45624,68.346115,152.05048,70.51654,28.821766,165.57031,68.47854,20.832405,157.07028,74.301254,67.067505,160.8255,73.49479,64.9989,135.8407,96.34352,5.695649,179.22153,93.371925,3.9726915,110.14988,115.64705,46.38296,204.94931,113.01471,47.32448,98.94893,98.809944,111.4462,207.9992,96.25513,127.14128,93.820946,94.80772,119.67121,211.64825,92.680954,138.6955,97.505585,91.391754,122.79527,207.20169,89.79421,138.41916,100.7612,93.19631,113.96738,204.86809,91.520454,128.85449,146.9043,165.80247,6.1887293,169.41307,165.4602,-6.0320907,142.19368,205.05627,45.3075,182.26859,206.05676,24.370186,140.10008,242.73788,52.04683,184.86014,245.40419,5.2273793,141.0165,249.93497,52.940994,182.98215,252.05527,3.1708097,135.12033,246.25053,57.125553,190.33495,251.5821,6.2979865
image_069.jpg,142.0882,56.991627,7.8179955,142.63658,53.78683,-4.7869673,142.36285,53.864227,-4.788312,142.1446,53.922844,-4.786669,144.69366,53.575916,3.876422,145.70444,53.480473,3.93098,146.73128,53.459106,3.8923824,144.94772,56.123,-40.89834,151.17538,55.227978,-1.3915336,142.99411,60.892555,-2.1137044,144.73593,60.64364,9.531102,142.71147,76.060875,-56.394638,165.95848,72.57404,26.616604,118.29909,90.17512,-30.93597,155.64114,84.735146,95.28626,103.13996,78.86969,28.403576,137.71239,73.736305,156.82669,98.45804,76.85527,28.060514,134.35161,71.04586,168.82387,99.814804,73.537254,31.870478,133.25032,69.415215,162.03815,102.763565,74.72297,31.310986,134.30273,70.99046,155.10268,155.89597,127.88913,-22.51839,169.23184,126.16546,22.625736,156.05574,162.24829,25.22292,173.1584,164.02582,54.842636,159.70534,199.47415,68.0829,178.47134,200.89964,77.80791,162.46513,205.92789,72.13266,179.69699,206.55696,80.29839,151.1496,204.36513,70.002754,176.76964,207.34988,78.108376
image_070.jpg,143.59232,57.86989,0.1224201,144.26003,54.737534,-11.443087,144.08838,54.835888,-11.4425955,143.97429,54.914597,-11.442898,145.99037,54.409946,-2.034366,146.89792,54.249672,-1.9967306,147.82214,54.157425,-2.039955,146.77936,56.950363,-44.55955,152.11292,55.669777,-1.5379131,144.57918,61.749973,-9.147133,145.96332,61.351353,3.4566288,145.49054,75.7507,-64.72932,166.42224,72.65161,30.30774,118.90957,87.57319,-48.385475,153.84402,82.33354,93.94532,102.4374,78.69635,2.3127863,136.85194,74.16184,141.26392,97.53229,77.30125,-0.5249549,134.0323,72.29522,150.44038,98.76482,74.21302,3.2029963,133.12186,70.89215,142.83856,101.677666,75.267365,5.0883446,133.82466,72.19618,138.87599,158.61482,128.83002,-27.291872,170.24924,127.18483,27.375366,158.12007,163.57535,16.6268,172.32843,163.8719,62.244717,161.47003,199.26468,60.22474,175.58731,199.05591,93.52581,164.7618,205.0954,64.10935,176.73715,204.42467,96.46821,151.122,205.24364,54.23397,172.45016,205.66197,88.22852
image_071.jpg,140.96063,57.393272,27.180687,140.81223,54.468124,13.916784,140.25565,54.61463,13.895173,139.75388,54.73513,13.883528,143.3548,54.149174,20.77927,144.44736,54.023746,20.851862,145.54788,53.978325,20.802229,141.6015,57.171677,-26.117378,149.43301,55.90072,5.78561,141.26227,61.216743,15.895766,143.53069,60.837257,25.355991,138.98306,77.68106,-44.85067,163.89893,73.23335,27.5476,117.58475,93.50797,-11.696578,156.4326,86.74955,103.116165,102.63916,79.752014,49.233856,138.00739,73.33068,178.163,97.86276,77.35239,50.998993,134.28773,70.48088,192.2217,99.69936,73.98623,53.627125,132.9732,68.625984,186.59111,102.533264,75.0562,51.81957,134.29146,69.91452,176.96045,153.22487,128.86044,-19.22698,167.4314,126.27959,19.340464,154.59825,163.63194,22.308254,170.77753,164.18823,50.33119,160.81535,200.00015,51.3833,176.18356,201.33466,64.07311,163.77686,206.56464,54.184998,176.90538,207.08759,65.65726,153.46217,204.33698,52.62349,175.70422,207.79272,64.84002
image_072.jpg,143.55588,57.679596,13.739747,143.66779,54.65724,1.2668862,143.24187,54.777645,1.2553444,142.87328,54.877197,1.2476441,145.92426,54.372974,8.686266,146.92018,54.25239,8.747657,147.92888,54.212265,8.713915,144.86401,57.319244,-35.850597,151.72147,56.171623,-1.7139901,143.96568,61.549023,3.2560613,145.82791,61.205814,13.359904,141.24841,76.90748,-54.53309,166.44122,73.763336,23.866167,116.76834,90.03432,-27.348442,156.30304,86.40026,97.21175,102.29576,79.82723,33.620274,137.69087,76.22728,168.2036,97.674255,78.2477,34.91709,134.0077,74.0395,181.9313,99.33368,75.191505,38.227207,132.9749,72.57895,175.2731,102.15354,76.21443,36.536575,134.10068,73.925446,166.75581,153.91537,130.64803,-20.391724,168.36334,128.87721,20.52374,155.49196,164.62308,28.647099,172.41891,165.36003,58.073715,160.20708,199.94928,73.147064,177.48817,200.60445,82.6657,162.93027,206.14471,77.50041,178.18066,206.0604,85.29237,153.50702,204.59644,76.106255,176.89867,207.04065,82.971
image_073.jpg,144.19534,58.121853,14.430289,144.7512,54.717136,2.749487,144.57315,54.73907,2.743871,144.44662,54.743736,2.740306,146.50719,54.57844,11.896526,147.41132,54.468285,11.943994,148.33083,54.423473,11.905894,147.24788,56.485935,-30.783455,152.74545,55.699066,10.873084,145.31274,61.76455,5.0416307,146.79597,61.55164,17.257517,144.83539,75.338974,-52.29084,167.6358,72.45406,36.904396,117.973335,88.183235,-40.880123,155.26422,84.066055,95.65758,102.67828,77.889305,4.3128033,137.82277,73.50348,139.68015,98.06714,75.855286,1.8868924,134.96194,70.948715,148.07916,99.730606,72.65474,5.178962,133.72583,69.15877,141.54765,102.64289,73.905846,6.8164163,134.47015,70.6775,137.44536,158.84184,128.69905,-24.46758,171.5708,126.691315,24.587782,158.48486,164.60492,9.0350485,174.28998,164.41052,49.70886,162.88866,201.66902,41.955128,178.94397,201.75916,72.113785,166.04225,207.90201,44.614983,180.02515,207.30563,73.809006,153.86726,206.54562,34.035328,176.92,208.14781,64.97327
