image_003.jpg,147.22604,72.93229,-66.166664,146.0145,71.79055,-77.84137,144.93417,72.176865,-77.872,143.91135,72.59623,-77.89141,149.46901,71.42641,-77.04315,150.60338,71.45802,-77.02291,151.7413,71.52538,-77.01491,142.23528,78.04555,-99.1573,153.80458,76.23557,-95.42563,145.81262,77.38147,-70.08244,148.56174,76.665764,-68.85571,125.95772,99.31578,-88.591446,169.19687,99.15268,-81.30736,102.49413,121.06244,-62.696953,185.73335,120.814575,-43.45686,100.73071,102.633606,-38.348892,188.80704,104.289154,-16.073898,96.771355,99.55012,-38.320927,193.1697,101.186325,-18.62049,104.29257,97.45272,-41.060135,187.95927,98.21823,-18.062386,107.196236,98.805695,-38.387596,185.55618,99.38046,-15.31629,133.93796,138.97824,-2.149335,157.34697,140.68509,2.3111968,122.30904,127.5401,82.97655,154.36641,136.01811,87.97668,127.468796,144.46387,176.45966,148.93243,155.55025,183.95903,129.18474,148.85216,187.1817,147.98053,159.67056,194.3238,126.596924,139.02908,203.37619,145.97464,152.44016,208.00601
image_005.jpg,150.85489,83.47561,-37.42951,152.49467,80.144684,-30.027044,153.74112,80.33358,-29.874344,154.88956,80.294556,-30.156633,149.03722,80.82062,-30.80524,147.99773,81.0926,-30.715294,146.93918,81.43318,-30.884573,156.04977,82.663086,1.7726368,145.88005,83.13506,-3.0112686,153.74216,87.23929,-27.613518,148.86127,87.68736,-29.232979,167.99622,102.265625,9.284745,132.23898,102.18024,-4.1133046,180.06331,123.06125,-40.49874,118.47183,119.58685,-45.9571,191.50636,110.68533,-117.07596,109.59052,110.33097,-101.753876,196.89069,103.86735,-120.17491,105.512665,107.289566,-111.84648,195.22154,102.15703,-125.043564,109.9229,104.29193,-111.793335,191.48886,105.23473,-119.3857,113.53975,105.73408,-103.78732,162.24203,133.13835,1.6207672,140.13388,133.74585,-1.277503,156.77216,123.15585,-21.11531,129.66638,112.32304,-33.098774,164.07608,116.11164,-103.766464,125.50243,122.66414,-86.023705,162.4951,124.80058,-111.16423,126.38045,127.99759,-91.281364,166.02563,96.10582,-113.915215,125.39183,115.94555,-104.70611
image_006.jpg,90.31292,88.44481,-30.698223,91.157,82.7307,-41.95932,92.01752,82.67421,-41.8832,92.91724,82.62028,-41.9049,91.526794,81.56907,-26.453934,92.201614,80.88631,-26.486616,92.91708,80.30598,-26.505642,101.15227,84.46121,-73.36821,101.36504,80.60084,-4.5010486,96.38622,93.99442,-40.42555,95.78861,93.22712,-20.409756,112.52632,114.4672,-99.80884,130.16817,102.353294,30.651161,91.47526,118.93771,-217.28706,122.56626,114.584946,126.61693,77.51147,88.39583,-288.46884,104.521164,106.98901,241.83664,73.98424,77.9603,-306.64474,102.276474,101.49853,262.88104,78.298584,77.13251,-296.1346,99.779434,103.914276,258.56714,79.75696,81.62689,-286.7062,99.75984,107.328316,242.91853,154.84488,197.42308,-33.670773,164.48166,191.017,33.832115,163.71887,234.4583,40.478764,177.03706,236.18365,77.68396,180.55946,275.50586,127.370346,193.09273,279.46317,137.75587,185.67496,282.39972,135.48247,195.3136,286.70636,142.12337,175.57837,280.4955,128.27206,195.51328,283.99292,126.52848
image_007.jpg,91.985794,87.53648,-41.727985,92.96913,81.945694,-48.11875,94.08547,81.73574,-48.066887,95.22827,81.50969,-48.09218,91.4438,81.92037,-38.20753,91.14182,81.73435,-38.19078,90.879814,81.62156,-38.20294,101.54076,83.32632,-56.292095,95.59498,83.1775,-11.785851,97.46614,92.72885,-43.47654,94.8636,92.95582,-30.45759,113.74572,111.54391,-68.525055,113.04553,104.62226,11.047239,94.592476,122.88318,-108.074554,108.37411,108.13608,73.25668,91.03555,96.422844,-100.213615,97.769394,99.556564,143.42166,88.929276,88.28411,-107.92149,95.56932,97.43718,151.65248,93.91582,88.26843,-106.002014,96.15851,97.526115,149.65143,95.1729,91.56872,-99.86416,96.763016,99.64732,143.36249,153.91496,194.26309,-19.722569,152.69612,192.13213,20.081284,165.32745,240.57315,7.727047,169.31306,239.53586,37.338806,185.25113,279.67783,59.393215,190.46613,283.1507,79.66094,190.13629,285.71024,64.1658,193.15208,290.2306,82.314224,183.61313,290.8121,46.32044,195.32217,292.2462,57.429688
image_008.jpg,105.844666,78.51936,-27.381716,107.67945,74.20092,-38.06827,108.03343,74.60786,-38.032894,108.43712,75.02126,-38.09111,108.84238,72.854866,-25.448343,109.75433,72.32192,-25.424204,110.71974,71.87276,-25.45486,113.74512,78.992035,-65.43848,117.40586,74.1319,-9.396573,108.778625,85.34673,-34.445347,109.27504,83.8673,-18.075977,113.040085,111.1116,-90.591736,142.75717,99.101845,36.47168,81.47974,115.75337,-93.43463,129.14182,102.9132,107.21796,74.596214,82.83899,-51.83224,110.41106,84.69178,158.31062,69.478806,73.86633,-58.14279,108.656044,78.144615,166.90749,75.92172,71.03479,-57.0647,107.210655,78.01736,162.54675,79.87203,75.28141,-50.46919,107.07923,81.59394,156.26805,157.49315,190.02411,-40.532703,173.24286,182.55199,40.79946,176.69464,232.1195,29.89653,184.99634,230.96298,87.148575,194.99567,277.94205,103.33104,199.21379,275.52707,138.91592,202.01967,284.60565,110.23983,202.7491,281.7531,143.25797,185.40662,287.43915,106.38228,194.93417,285.64874,136.58151
image_009.jpg,96.27529,81.62958,-41.16798,97.59773,76.51237,-51.579327,98.23349,76.75282,-51.48891,98.916534,77.00386,-51.52379,98.13298,75.0905,-37.606743,98.78923,74.408,-37.624413,99.50012,73.82574,-37.639095,105.12478,79.99123,-76.666595,106.56976,74.85321,-13.876525,100.49698,87.862434,-47.89925,100.16745,86.467834,-29.596962,109.73822,111.29069,-105.895615,132.50365,96.52615,33.433605,87.29294,111.17434,-220.71011,118.02167,101.78653,131.19264,82.38783,79.292694,-272.17123,102.213486,87.9503,228.82185,79.430115,68.7452,-287.42163,101.04148,81.90388,248.20004,86.52748,67.96031,-277.75677,100.01463,83.066216,243.83322,88.611374,72.47588,-269.8243,99.361534,86.71311,229.52188,154.12692,195.27774,-40.506805,168.08943,185.82008,40.649544,163.63632,229.55122,42.16318,178.8197,229.69397,95.050934,183.21526,267.56744,134.56876,192.84628,272.46213,150.94353,190.01279,273.7427,143.08789,196.0978,279.5228,155.11812,175.40483,271.5019,139.23624,188.79904,277.58514,146.0012
image_010.jpg,88.93202,80.95776,-37.57392,89.83499,75.28444,-48.569355,90.53511,75.30896,-48.491676,91.27475,75.344826,-48.524834,90.46016,74.191345,-34.66272,91.15283,73.60478,-34.690624,91.89762,73.115425,-34.6877,98.39783,77.6949,-76.107864,99.48436,74.00603,-13.434633,93.97259,86.5905,-45.388947,93.546,85.851395,-27.142153,104.427124,109.135735,-104.09499,129.34737,95.37864,28.205729,84.7474,112.85569,-227.29735,127.13784,109.479256,131.46529,76.495544,83.45516,-297.36606,113.11553,104.52198,256.01047,73.36414,72.812355,-313.40543,112.29321,99.95442,280.86533,79.247055,72.0031,-301.53616,109.666275,102.46258,276.51166,81.25122,76.33199,-294.83972,108.75268,105.66064,257.7494,149.22821,193.7757,-37.12882,163.37553,185.41507,37.23828,167.64586,230.79451,49.62614,179.96722,231.26402,88.37437,189.23561,271.0219,136.78421,196.71198,275.0868,148.7527,196.10226,277.6783,144.74333,199.74796,282.28998,153.40984,183.62466,276.40167,138.96158,196.19759,281.11502,142.59444
image_011.jpg,91.81862,80.00588,-35.155746,92.84317,74.8828,-45.414906,93.45814,74.94376,-45.354973,94.11335,75.00978,-45.396416,93.2703,74.06524,-32.00454,93.89198,73.58448,-31.980392,94.56735,73.18587,-31.958921,100.91544,77.73773,-69.97653,101.954575,74.565094,-10.138701,96.71138,85.88897,-41.929127,96.40303,85.14677,-24.506712,107.773964,110.851524,-97.55065,129.28511,95.07851,30.641768,82.97726,123.41652,-173.93253,116.87529,99.92232,116.952225,79.53143,86.20661,-184.54889,100.39582,86.67882,201.40282,75.80908,74.06399,-193.66743,98.06789,81.572296,215.3909,84.51463,72.68701,-187.78802,98.03133,82.12759,212.17276,86.82794,77.448074,-182.41698,98.09082,85.68314,201.53297,152.1921,194.23267,-37.465923,164.4241,185.87599,37.74243,166.8302,236.89508,25.938194,182.05951,236.54312,73.62398,188.6444,280.91696,100.71308,201.57825,284.12558,123.18825,196.15202,287.62305,107.841965,205.47646,291.45892,126.904434,180.9385,289.04153,101.01129,199.62039,292.1506,113.86985
image_012.jpg,93.73962,75.03528,-40.925224,96.66389,70.26926,-51.289944,97.2814,70.52678,-51.213535,97.92824,70.78043,-51.25338,97.57652,69.42355,-36.972763,98.39836,69.13596,-36.992546,99.25141,68.94841,-36.97856,104.62696,74.88516,-74.7474,106.96512,71.56717,-10.307926,97.19801,81.88324,-47.085945,97.300606,80.991875,-28.43775,108.79447,107.92322,-98.885414,127.345055,101.90355,35.908905,87.821724,123.583664,-198.41768,113.82369,116.80178,120.31293,77.26514,92.88542,-244.81952,95.03517,103.36193,201.42545,73.45988,81.152626,-259.5956,93.48328,97.09098,217.56712,79.535515,80.43656,-248.64917,90.97977,98.14172,213.7294,81.197205,85.452965,-242.1232,90.64523,101.64215,201.60295,149.03864,192.93417,-39.510082,159.19498,187.64597,39.722477,164.10048,234.61539,30.722065,169.26959,235.64604,92.05765,185.36053,279.00763,116.56341,182.3571,281.73557,159.0985,192.27057,286.1254,124.653175,185.56749,288.9952,164.88562,177.26442,285.99768,114.02078,178.59506,289.54492,153.85268
image_013.jpg,212.39545,81.916534,4.4571247,213.16235,78.9693,6.659055,212.76457,78.73999,6.649354,212.39505,78.50776,6.611259,213.53813,78.74866,-2.0633607,213.47961,78.25065,-2.032887,213.39758,77.784355,-2.0441127,210.16875,76.48889,20.292156,211.414,75.29941,-20.073673,209.9807,82.43906,10.885357,210.53952,82.083534,-0.6900798,197.75479,82.3229,48.81016,205.14496,80.92648,-40.226765,211.37099,88.03203,68.36369,225.44464,86.9209,-33.0994,218.07646,73.40481,72.87247,227.6218,71.57753,14.072287,220.91269,69.76354,76.92621,228.96425,68.09561,9.52435,219.64786,68.70745,74.658585,227.11519,67.65466,8.49369,218.5186,69.9835,71.61406,225.92757,69.684044,15.093063,180.00552,117.55965,27.92341,180.84367,118.14063,-27.910511,175.86789,144.4102,38.568085,170.41025,143.67218,-17.70142,167.43222,170.90482,52.63828,158.04796,168.50194,-5.1492453,163.7603,174.70667,53.160343,153.84946,171.67253,-4.801423,173.56589,178.72052,44.15295,162.99307,176.18517,-19.11691
image_014.jpg,215.50127,75.58775,-2.8185108,214.55524,72.81099,1.9890779,214.01733,72.52481,1.9926215,213.51422,72.22893,1.9442594,214.92502,73.13712,-8.208229,214.71925,72.99724,-8.177736,214.49013,72.8889,-8.182537,210.53963,71.87408,22.139013,211.54752,72.5787,-23.530437,213.42955,77.16435,5.4475813,213.92763,77.53586,-7.674275,201.66888,83.85764,52.855965,206.23889,81.05235,-48.90515,219.94144,87.71239,72.17348,226.41751,84.80788,-52.196117,223.89046,70.385445,80.182915,229.61205,67.90475,-15.245972,226.35313,66.02338,82.999886,231.56583,64.029175,-21.36862,224.40314,65.15583,83.159225,228.55339,63.616146,-25.615759,223.5195,66.501114,79.224785,226.79807,65.61478,-15.862823,184.62653,116.522385,31.680643,184.538,115.56484,-31.678585,177.26004,145.1931,32.112038,172.09764,143.38362,-24.187454,166.62402,172.5337,44.58194,158.3999,169.4248,-15.911217,162.77386,176.36261,44.718594,154.24785,172.38405,-15.963639,173.42413,182.15884,32.124794,162.71405,178.92204,-35.16691
image_015.jpg,213.7613,78.88261,-1.7157542,213.5914,75.737305,0.60230696,213.15672,75.243385,0.59679353,212.74641,74.74879,0.5551087,213.8983,76.47793,-8.573524,213.75607,76.42587,-8.540333,213.58698,76.40069,-8.549749,209.86046,73.62439,14.2679205,211.12918,75.78261,-27.08934,211.64351,79.88035,4.687276,212.063,80.725525,-7.033942,197.8006,80.546326,45.77996,207.07904,83.97277,-50.817986,212.60056,84.88878,72.401855,226.2225,86.867714,-56.372944,222.25974,72.63841,84.6402,228.95683,70.83717,-24.321968,225.468,69.73043,88.22465,230.44945,67.842804,-32.34113,223.93073,69.11264,84.84417,227.24466,67.21867,-34.900265,223.21663,70.189415,82.88728,225.65863,68.561195,-24.533165,177.93228,114.62245,30.620592,180.3321,117.038994,-30.636522,173.56287,143.90402,39.43162,170.93275,143.33464,-16.854685,164.97226,170.52509,56.857178,158.83142,167.88243,-1.1188159,160.84781,174.62428,57.510788,154.77628,171.62236,-1.0165969,173.8725,179.23291,46.36168,165.20947,174.96565,-17.637848
image_016.jpg,178.8257,81.88328,-19.436089,177.82245,78.26214,-14.601206,177.53038,78.13306,-14.581857,177.27264,77.99516,-14.607905,177.58255,78.32532,-25.154278,176.93657,78.09211,-25.118113,176.27397,77.88555,-25.118576,172.87897,78.53114,8.653321,171.44257,78.601746,-37.991432,176.33963,85.02128,-10.098344,175.54916,84.859924,-23.469658,161.88902,95.52715,43.580532,163.12772,95.85789,-68.44653,179.41904,107.29952,52.849003,183.12253,116.50965,-73.05361,195.92706,98.01003,35.47812,197.89253,103.03893,-39.52582,201.74503,94.93898,33.16131,203.39429,99.67284,-47.241817,200.97343,93.97848,28.61829,200.63132,96.7502,-48.419567,198.31163,95.26121,31.739094,198.14929,98.530754,-39.109165,143.90517,143.66605,35.75838,143.95511,144.35417,-35.693077,119.5333,172.70003,45.64856,127.84253,177.63124,-25.718649,96.90947,194.4276,69.11998,102.3835,200.47008,6.727682,90.86346,197.45341,70.74204,95.45662,202.49326,9.027718,101.962616,205.62396,58.897877,105.66824,214.18814,-8.5272
image_017.jpg,180.18965,77.49075,-32.13614,179.81902,74.47063,-26.530436,179.9476,74.55919,-26.512348,180.10202,74.64536,-26.515162,178.58153,74.31236,-35.570282,177.67325,74.09467,-35.547367,176.73987,73.91253,-35.555965,176.64148,76.41866,2.0462086,172.35172,75.5386,-38.039467,178.75304,81.44319,-21.205025,176.80147,80.95734,-32.649605,165.12198,94.48328,41.013947,163.98206,94.02876,-67.26586,178.36546,109.45433,31.782864,178.9288,117.10837,-75.37134,194.53865,97.23025,-1.9812195,195.35233,102.47294,-47.292324,200.12094,93.127235,-5.5185957,200.91202,98.76284,-55.73986,199.38234,91.78319,-8.513373,198.20937,95.39401,-57.51248,196.78627,93.42422,-5.264612,195.84769,97.370094,-47.316685,137.70749,137.9923,34.316475,136.2663,138.68513,-34.233643,117.45021,168.50783,48.893467,123.02071,176.6996,-26.701397,96.752335,194.17969,80.3904,99.80984,202.85834,-1.5481101,91.17003,197.54962,82.58424,94.17738,204.73494,-0.007900098,101.88078,207.42946,73.112915,100.19524,217.24924,-17.212051
image_019.jpg,213.85765,79.46089,-2.3978314,213.45413,76.15556,0.42439747,212.93344,75.70504,0.42258534,212.44006,75.25229,0.37767693,213.95157,76.81149,-9.207526,213.83206,76.71054,-9.179667,213.68756,76.643295,-9.183698,209.48747,74.12369,15.36072,211.18356,75.851295,-27.622185,211.6616,80.4595,4.495079,212.27832,81.18322,-7.8205376,198.1261,82.492355,46.428295,207.05817,83.99116,-49.504757,215.15994,85.79503,67.2706,227.32037,84.876434,-49.24726,220.80121,70.21121,73.71191,229.33597,66.82501,-14.754454,223.03104,66.96124,76.24903,230.49603,63.433884,-22.860899,221.34314,66.15294,74.81132,227.9875,63.42167,-26.259598,220.69455,67.30467,72.423,226.3288,65.1884,-15.264202,179.41649,116.350624,29.282951,181.24663,118.027115,-29.262115,173.34338,144.41779,36.777756,169.83772,144.22952,-12.841652,164.12553,171.26378,55.536346,157.06015,167.76335,7.7656994,160.45541,174.9777,56.434296,153.27225,170.43628,8.707797,171.14288,180.21977,45.325336,161.74667,176.1096,-7.8532305
image_020.jpg,179.18646,77.93248,-23.690138,178.2303,74.23885,-18.286041,178.19989,74.18139,-18.280333,178.20505,74.119316,-18.299906,177.25014,74.18388,-28.513214,176.35074,73.91344,-28.493492,175.42938,73.67386,-28.497782,174.27332,74.96985,8.655837,170.4084,74.46572,-36.615093,177.33511,81.45311,-13.167428,175.72061,81.17111,-26.192596,165.5896,94.82211,42.29409,160.81705,91.88618,-66.976105,184.39812,109.76742,37.814636,180.32181,114.71001,-72.26521,198.90854,97.15114,14.727901,198.15625,101.90106,-38.049244,204.59308,93.13895,10.721888,204.2976,98.5747,-45.875225,203.03143,91.900665,9.5305195,201.5854,95.47198,-47.237175,200.17944,93.41055,11.963215,199.04112,97.358765,-37.86788,140.11934,142.04732,34.66211,136.69168,140.19986,-34.55838,115.53879,173.04301,42.16565,119.59285,175.96841,-23.662594,94.15826,196.66708,71.30377,99.70654,203.45374,8.821627,88.5013,199.75098,73.11523,93.987465,206.15321,10.845466,98.69057,209.46994,57.66855,102.67738,218.32744,-10.787692
image_021.jpg,183.43605,77.874,-12.677182,182.2243,74.99836,-8.042494,181.99875,74.92659,-8.016415,181.81406,74.86347,-8.018286,181.72281,75.221245,-18.137333,181.07698,75.193855,-18.089497,180.40758,75.20112,-18.074572,178.10747,76.7665,16.395174,176.09422,77.200325,-28.508053,181.54771,81.45911,-3.4822094,180.6208,81.53806,-16.291365,169.745,94.568924,43.99767,167.99408,95.15401,-57.567936,184.9512,107.37357,12.147301,181.53648,114.86952,-59.98466,197.96222,96.44176,-46.456276,196.08139,100.75345,-11.079436,202.26202,93.3069,-55.272903,200.37772,97.25719,-14.615382,199.99083,91.657036,-55.43491,197.80145,94.215576,-14.908694,197.99255,93.04013,-49.169884,196.02852,95.67667,-9.999502,143.63788,138.30963,34.1065,141.87839,138.85495,-34.012077,121.787476,167.92792,37.334908,126.63136,174.46184,-25.947422,98.80608,190.6356,63.811344,102.27919,198.99239,-2.393996,92.71149,193.33777,65.13864,96.35858,200.73251,-1.1521478,102.37656,202.65393,49.774635,102.3711,213.00249,-23.223026
image_022.jpg,181.46895,79.46721,-24.2402,180.50104,76.36169,-19.6721,180.39246,76.34414,-19.641644,180.31982,76.33949,-19.649921,179.73285,76.41409,-29.625866,178.97758,76.290405,-29.587536,178.19638,76.20123,-29.59348,176.5581,77.86292,6.4478035,173.72566,77.64202,-37.93906,179.627,83.12562,-13.988576,178.39651,83.00684,-26.643604,166.93997,95.07451,38.475105,166.46223,95.408875,-63.247814,183.17415,109.722,17.867645,184.40591,113.22687,-61.543392,194.2108,99.04226,-26.831884,197.961,97.41819,-16.884735,197.9448,96.110115,-32.266655,202.4217,93.50301,-22.471619,195.71884,93.9,-33.44104,199.96986,90.700516,-23.577433,193.93109,95.38863,-29.550564,197.95296,92.5506,-16.406559,140.738,139.01013,32.760723,138.9155,139.46526,-32.65859,120.90027,169.31941,46.4404,122.9911,174.81613,-20.544481,99.705185,194.16174,78.54939,101.700195,200.96785,-0.450671,93.614006,197.84055,80.399475,96.45309,203.51414,0.39996925,105.83586,206.55908,69.84094,102.44493,214.57944,-18.996618
image_023.jpg,213.78235,76.72786,-4.7683716,213.26485,73.9713,-0.11407684,212.79472,73.68775,-0.11436613,212.36299,73.40386,-0.16577923,213.54022,74.25628,-10.01866,213.32292,74.08307,-9.98464,213.07736,73.9473,-9.994077,209.6354,72.96782,19.990814,210.39767,73.51872,-24.370401,211.77513,78.20487,3.5171568,212.09824,78.47856,-9.170641,199.9104,83.87221,50.809303,204.82964,81.68095,-47.417915,216.29565,86.86565,76.4715,225.30826,82.50699,-49.870308,221.65022,71.733444,89.82917,229.24976,67.26763,-12.24967,224.05722,68.08195,94.298584,230.85605,63.915565,-18.043453,222.34561,67.232994,92.435875,228.50632,63.60586,-20.26653,221.42632,68.49961,88.57126,227.01485,65.53989,-12.136582,181.80035,118.36575,30.69909,181.53821,118.02408,-30.685215,176.42473,145.69292,39.12064,170.56003,144.80635,-14.498419,166.70963,172.18634,62.38518,158.36942,169.47546,5.872937,162.99797,175.8788,63.77202,154.27583,172.243,7.0260687,173.15245,181.54141,52.389595,163.0084,178.75507,-11.048809
image_024.jpg,211.32181,76.445786,-3.1183565,211.24039,73.71033,0.15059179,210.72498,73.332596,0.14489906,210.22693,72.939865,0.08488195,211.84528,74.197365,-8.229935,211.8184,74.0285,-8.201862,211.7604,73.89058,-8.207538,207.44392,71.93236,14.868973,209.53171,73.08073,-22.329197,209.10895,77.43303,3.2587519,209.81264,77.82014,-7.3101587,194.57077,80.25916,45.8021,204.67049,81.312035,-47.02622,209.8834,89.7467,72.90933,226.11069,89.04867,-45.146755,217.04749,74.86984,101.92795,227.97798,69.4258,-16.595795,220.71016,71.52843,107.84989,230.40921,66.58739,-25.404766,219.05824,71.43202,107.86641,227.10483,65.55878,-32.09139,217.57417,72.52346,101.69831,225.04678,67.35915,-18.444874,177.802,114.701935,28.289232,180.98886,116.79104,-28.296787,167.27907,141.9361,36.872715,169.84036,144.40616,-7.3320713,156.60245,167.5438,52.677727,157.11958,168.9986,12.091579,152.68802,171.42282,53.55057,153.07661,172.49217,13.147497,163.4732,176.21272,44.13868,161.91452,176.19421,0.84691095
image_025.jpg,181.24953,78.99625,-22.898735,180.75574,75.573364,-18.008085,180.74017,75.55576,-17.983206,180.75983,75.54093,-18.008554,179.83484,75.52648,-27.816212,179.00705,75.2992,-27.78202,178.15442,75.10571,-27.78236,177.1251,76.702255,7.8616495,173.70088,76.17951,-34.962105,179.51297,82.52574,-12.509971,177.95834,82.19615,-24.791573,165.91902,94.81052,42.33066,165.8516,93.55008,-62.151394,181.82376,110.22895,31.223057,184.83156,113.60645,-61.14441,194.99689,98.71599,0.23854753,198.12021,97.11643,-20.156555,199.76404,95.56233,-1.7834522,202.97844,93.308525,-26.582815,198.3952,94.03297,-3.6755733,199.98999,90.43651,-28.542597,196.13141,95.2649,-2.3048618,197.72797,92.469955,-19.87011,139.63658,139.97453,32.122913,138.74493,139.71277,-32.044533,117.128845,170.93172,37.8278,124.23294,175.57494,-18.497538,95.596886,196.10516,62.456596,102.036446,201.09244,9.415221,89.793884,199.62817,63.93598,96.25908,203.24263,11.290689,100.97893,208.56789,51.611233,103.04205,215.21152,-5.234981
image_026.jpg,178.76099,77.1228,-18.805801,178.06543,73.93707,-14.587879,177.89642,73.833755,-14.557049,177.7642,73.73156,-14.5810375,177.50879,74.182365,-24.174286,176.86989,74.09086,-24.136133,176.19728,74.03362,-24.140202,174.30087,75.2416,8.211763,172.12166,75.537704,-33.975822,176.97366,80.61587,-9.778081,175.95187,80.66831,-21.850777,163.97626,93.74605,41.582836,164.12704,92.228325,-60.667343,176.43083,108.747154,38.635742,182.05768,110.30264,-63.033127,186.56114,99.22833,17.849138,195.35149,93.103615,-27.399282,190.23593,96.49636,17.63009,199.9245,88.90958,-34.323025,189.02916,94.900276,15.215044,197.1925,86.11673,-35.71202,187.29677,95.98277,15.451015,195.18051,88.26171,-27.204643,137.76617,136.66196,32.406837,135.84933,136.28261,-32.310795,120.39656,167.68773,43.52196,120.58977,172.7429,-22.668774,101.55288,193.8772,75.66541,100.98316,200.02281,-0.4121204,96.36242,197.34035,77.71329,96.413765,202.22847,0.71473944,106.54899,207.18947,66.89223,100.974014,214.57205,-18.24723
image_027.jpg,214.44368,79.373474,3.7621503,213.76685,76.22743,6.796658,213.2185,75.79924,6.776325,212.6877,75.36079,6.727099,214.36816,76.711075,-2.8670826,214.314,76.5203,-2.8361726,214.23155,76.35571,-2.8424997,209.41998,73.65837,21.269428,211.58429,74.91603,-21.872065,212.14459,80.07437,10.137196,212.90802,80.57117,-2.1725574,196.32755,81.03453,52.92205,208.03534,82.20098,-47.737736,211.79529,89.97258,71.9086,227.66052,87.455574,-45.063263,219.03705,73.74661,85.74213,228.44006,68.223206,-9.809578,222.39508,70.09282,88.65891,230.18425,64.964966,-17.643435,220.78412,69.50798,88.567055,227.06546,64.29903,-22.895487,219.6849,70.72789,85.00518,225.11124,66.002754,-11.1033745,179.05914,114.18022,31.503078,182.93398,116.58919,-31.47427,171.23126,142.20148,32.459923,172.30736,143.4553,-20.055355,160.31192,168.2494,41.835514,160.89896,168.01721,-7.9573827,156.2745,172.21254,41.878807,156.94873,171.71883,-7.8430357,168.60016,177.1699,34.15217,166.53229,174.66414,-21.898636
image_028.jpg,212.63065,77.95036,4.362714,212.73483,75.15129,6.8832345,212.23618,74.8335,6.867033,211.76434,74.514755,6.821417,213.36227,75.40891,-1.3401324,213.38101,75.17152,-1.3024206,213.37051,74.97409,-1.3190801,209.55252,73.57467,18.74033,211.67825,73.94604,-18.47295,210.64838,79.09517,9.69946,211.33553,79.24837,-0.9311127,196.35571,81.89601,49.83867,208.59085,82.80584,-44.07222,210.17172,86.90241,75.368744,231.15741,85.96643,-36.96646,218.34488,71.1081,96.98922,230.66956,68.134346,7.933008,222.06413,67.00527,104.30499,231.76485,64.55318,2.5599475,220.85233,67.14208,102.39269,229.34431,64.597824,-0.72871196,219.4097,68.63319,96.22966,227.96185,66.71146,7.9659433,178.66666,117.35656,28.867407,182.901,119.213806,-28.880442,168.4833,144.0081,45.36085,171.3498,145.31471,-5.1929593,157.10722,169.88397,63.14171,158.00574,170.58662,16.945812,153.21034,173.99272,64.24993,153.66986,174.41554,18.340956,163.96008,177.1304,57.88273,162.75719,176.79814,8.069986
image_029.jpg,182.34006,75.31806,-18.96247,181.37451,72.305504,-14.821274,181.29443,72.31011,-14.797689,181.24637,72.32244,-14.795181,180.56244,72.42622,-24.78049,179.76051,72.3573,-24.73833,178.93364,72.32193,-24.724697,177.52489,74.597275,9.876932,174.49327,74.569084,-34.39819,180.77238,79.312584,-9.245623,179.27498,79.14053,-21.883099,167.48914,92.53491,42.508728,167.34985,93.6337,-60.417343,180.62119,107.87907,17.42161,180.98131,114.33158,-54.683006,196.63416,96.756874,-42.315823,195.31192,102.61541,-2.819499,201.48288,93.26768,-50.65986,199.63162,99.59046,-5.992141,199.9852,91.06738,-52.60131,197.6206,96.48369,-6.3440685,197.80229,92.70942,-45.44909,195.78564,97.92652,-1.6009676,139.56544,137.92029,34.020653,138.66376,138.78467,-33.930946,117.75623,169.99294,43.94606,123.96112,176.1995,-22.501583,95.89593,195.61888,73.147575,100.89659,202.51743,3.4033504,89.767494,198.85533,75.04588,95.09497,204.58142,4.8615108,100.72969,208.385,63.53235,101.98343,217.03668,-14.856214
image_031.jpg,195.58182,47.716965,-36.898846,195.17905,43.446384,-30.313972,194.84714,43.34085,-30.294477,194.55743,43.22,-30.37146,195.001,43.40719,-42.817722,194.37103,43.062115,-42.786976,193.70166,42.76542,-42.81156,190.0895,44.038948,2.0997725,188.60919,43.46189,-54.239372,192.89319,51.3257,-23.715023,191.97328,50.972065,-39.683907,175.5507,64.937744,52.057644,178.2554,62.400097,-88.73242,189.26184,87.27091,103.084076,199.48523,88.57388,-105.772156,198.13805,70.94529,155.37027,207.31857,65.462105,-70.89375,202.08214,66.20801,165.32364,211.476,59.676598,-78.95535,201.31609,64.33532,163.62383,206.93565,57.1027,-83.773415,199.3204,66.14278,154.8043,204.7273,60.49114,-71.233925,156.60086,121.44294,44.246727,156.29192,122.501976,-44.210133,140.36734,159.85695,85.119995,139.72055,167.67593,-10.649668,122.67155,194.16998,133.92592,119.04659,202.01411,14.768005,115.78363,198.29169,137.69887,111.32971,205.14124,16.047855,133.76218,210.98605,121.390396,129.35524,219.85323,-11.7130575
image_034.jpg,208.33432,109.71538,-3.2992208,205.7856,103.82575,-9.278868,204.2627,103.4875,-9.269299,202.74887,103.20339,-9.39131,208.57399,104.85709,-18.364414,208.8388,105.08383,-18.353079,209.09195,105.34867,-18.368668,194.15741,106.42739,-20.131342,203.71838,109.442955,-61.57497,202.38788,115.95801,-4.613426,204.72531,116.53834,-16.21874,159.33408,133.69844,-9.453126,199.45128,149.08253,-81.4722,150.80988,171.47197,8.60076,211.31822,195.40178,-38.95638,173.83981,161.12595,21.581514,231.77493,165.96179,16.512638,178.09465,156.07687,22.29279,241.21848,158.82477,9.167743,183.21277,154.91144,18.702133,233.49693,150.67804,9.379177,183.12408,157.50471,19.61282,229.28226,153.84009,16.52507,142.64178,213.76118,22.628918,163.7746,223.49098,-22.365429,142.05682,237.36592,124.04474,170.8602,247.59442,68.21864,136.46204,268.30954,207.3391,146.28767,277.21893,164.3567,133.32855,274.3452,216.31802,138.56485,281.21136,174.32504,144.30025,268.5982,218.63237,154.57994,280.78525,179.0137
image_035.jpg,207.8097,110.17482,0.010557753,205.22571,104.608284,-6.29593,203.66876,104.36823,-6.294444,202.12222,104.18504,-6.422934,208.18881,105.46924,-14.792341,208.49898,105.65097,-14.800525,208.79477,105.87714,-14.802931,193.66568,107.79423,-18.028687,203.75778,110.168365,-57.41733,201.97021,116.6917,-2.0075462,204.44699,117.02699,-12.913095,159.91684,135.51695,-11.810432,198.96863,149.98003,-75.50395,147.27138,169.65012,0.046938773,212.95474,195.9829,-32.176422,165.8474,156.64673,9.799661,231.04881,162.92813,16.835821,168.86786,151.63301,9.277304,239.61966,154.97382,8.631578,173.82567,150.45972,7.2946553,231.87567,147.186,7.022107,173.95306,153.22719,8.544968,228.25748,150.79974,15.642975,144.74673,213.62788,22.958569,165.52582,221.28754,-22.705055,138.53317,239.77008,121.27516,169.26863,247.41931,68.59907,130.57217,272.17395,216.27615,149.99423,280.85556,166.16478,127.12472,278.81067,226.37923,143.18372,285.42203,175.98074,137.15889,272.1377,224.29726,158.81555,285.8102,176.78983
image_036.jpg,210.13678,112.2374,2.6487622,207.21687,106.71998,-1.619047,205.79318,106.532104,-1.6198994,204.38336,106.38754,-1.7459557,209.61302,107.47862,-12.155947,209.60631,107.620026,-12.1625805,209.58315,107.795105,-12.176953,195.13567,109.759346,-6.2676096,203.21495,111.750275,-53.846363,204.15337,118.55233,3.639047,206.01569,118.81015,-9.6811695,160.90752,135.97177,6.1848555,197.7678,149.76949,-72.51749,149.19846,172.35501,29.356411,211.0475,197.67184,-35.592846,164.25037,161.00446,53.953938,231.23566,165.26495,14.118949,166.33975,156.6474,56.23251,240.32394,157.68114,7.8047647,170.58264,154.67957,55.577316,233.14114,149.38107,6.7882357,170.94337,157.22359,53.73855,229.65584,152.87146,13.894535,144.71985,215.77765,28.905037,164.11613,223.80968,-28.656118,140.18564,242.9038,117.3106,174.50888,251.98642,46.510983,128.00117,270.2684,200.60269,149.6451,280.43573,148.77908,123.895226,275.26724,209.44147,142.07599,283.53177,159.86922,133.63841,271.37912,208.01424,155.73297,286.5333,168.07059
image_037.jpg,213.36673,114.24589,-17.767687,210.61234,108.2851,-22.798079,209.10948,108.05846,-22.802135,207.61246,107.89564,-22.928017,213.05545,108.89382,-32.807365,213.05977,108.92858,-32.825695,213.0708,109.00785,-32.87292,197.66077,110.79279,-26.34433,206.21153,112.316414,-72.76214,206.5321,120.68341,-16.745703,208.72313,120.79757,-29.771997,161.6236,135.9841,-16.525797,200.38132,151.22217,-86.027466,150.25769,172.23277,-17.95543,211.8702,196.61343,-36.75285,169.76193,161.69664,-32.289383,231.1483,164.41289,16.992733,172.19795,157.87639,-37.97605,240.00192,157.11209,10.997917,177.44089,155.6017,-39.01923,232.04282,148.77957,8.447317,177.3198,157.89302,-33.764183,227.96222,151.90189,16.037968,147.0654,212.32266,23.277987,167.78458,221.30928,-23.036991,144.4361,221.82776,143.0065,180.40086,235.40776,76.92902,137.19263,239.61395,247.2803,159.70445,248.17438,197.47745,132.73058,244.67497,258.42227,153.09808,250.63422,209.57503,147.55188,235.21945,264.09967,166.84297,245.52469,223.66162
image_039.jpg,209.32661,111.940414,-12.302332,206.29938,105.690865,-18.747717,204.72379,105.40121,-18.749065,203.15874,105.17397,-18.888659,209.09467,106.519554,-28.863678,209.18945,106.61376,-28.888624,209.29108,106.75471,-28.924713,193.30496,108.064095,-27.905533,202.86787,110.33399,-74.68233,202.6941,118.33116,-13.098654,205.04791,118.624756,-26.193266,157.52966,134.78946,-22.192902,197.67616,149.87813,-89.52564,141.02606,168.81462,-18.250074,209.60828,196.58844,-40.304497,160.87486,158.23062,-23.93605,228.19135,164.80385,9.387218,163.21854,154.8689,-27.866215,236.89053,157.92657,2.6496959,169.12398,152.6395,-29.670298,228.70216,149.65015,0.017932972,169.2205,154.71935,-25.479239,224.95511,152.65758,8.250875,143.0707,212.01662,22.509613,164.46556,220.60182,-22.223911,136.53531,228.73204,144.60248,165.55649,242.02547,84.20425,127.80793,253.7883,250.17058,145.16223,263.37863,196.45576,123.74773,260.21252,261.2994,138.6129,267.01688,207.51122,135.24695,250.05243,265.80203,152.81609,263.27344,218.491
image_040.jpg,206.89001,111.01044,3.617791,204.50967,105.32724,-3.4387877,202.91882,105.09464,-3.4220605,201.32047,104.91229,-3.5608516,207.8731,106.06777,-11.795974,208.38036,106.15454,-11.80676,208.8787,106.280045,-11.809883,193.24854,107.986115,-19.294647,204.70755,109.879944,-57.891926,201.27336,117.19313,0.07672667,204.21329,117.41398,-10.678713,159.36932,136.08154,-12.411708,201.91074,148.58739,-79.65585,143.87396,170.45734,1.1508667,214.38647,193.24022,-35.135754,166.53452,159.7532,19.31732,231.14758,163.72853,3.3715315,170.36926,155.37027,22.879831,240.18845,157.22632,-4.2730584,176.11215,153.98541,20.763504,232.75267,149.40556,-5.2282004,175.7801,155.87186,18.320307,229.0883,152.38928,2.7043204,144.25055,214.05075,21.816254,166.86278,221.35367,-21.452576,137.94084,231.93546,125.84157,172.76932,244.69374,65.1464,129.08466,254.9628,198.96814,150.77002,262.26083,158.01923,126.696884,260.68155,206.88385,144.8501,264.7516,167.29784,132.79724,251.80426,215.35033,155.25842,263.33582,184.13751
image_041.jpg,158.04465,83.695045,106.93699,155.45894,80.905785,98.63718,153.9069,81.13181,98.681984,152.393,81.337616,98.58944,159.60004,80.343155,94.93341,160.85432,80.05439,94.93252,162.06377,79.82807,94.86741,149.20004,84.317955,61.27235,162.29858,82.2095,44.51364,155.34453,87.7674,95.103714,159.14325,86.9115,90.44254,134.88959,104.85781,40.432487,174.17865,101.85485,20.821016,112.01306,116.05494,75.86733,197.46284,117.53687,56.643543,99.836006,98.25303,122.52407,207.28577,100.89032,127.05031,95.32434,95.026024,131.74089,212.56711,97.79191,135.89095,97.555405,91.628586,132.48051,209.19456,94.942825,135.53946,100.704666,93.10287,124.082794,206.10663,96.49779,129.06857,145.37953,169.27562,11.107097,166.81693,169.50435,-11.098768,139.07222,207.09451,32.988735,183.19496,209.22319,0.5158925,136.62204,243.59396,15.23439,181.44426,248.04846,-45.128193,137.57663,248.91391,13.693394,178.61397,253.67094,-49.313892,132.51443,251.60876,10.866234,186.0245,256.94376,-54.19994
image_042.jpg,154.15512,81.259186,89.45233,152.0508,78.83855,80.630585,150.51648,79.19309,80.69642,149.0272,79.53292,80.60216,156.51675,78.0062,79.05236,158.05193,77.66154,79.053085,159.55444,77.39374,79.005486,147.35063,83.1173,41.55813,161.64688,80.19251,35.128902,152.20926,85.62691,76.75926,156.3214,84.468216,75.11286,135.0599,105.179504,22.314278,177.32608,101.050606,12.775813,113.5276,115.343544,57.33219,202.80222,114.810684,46.889664,101.18643,99.34354,103.12112,208.32446,98.98184,122.591446,96.32645,96.32591,110.90801,212.5498,96.0813,132.86963,98.67418,93.25981,111.56502,208.59229,93.880684,132.66718,101.887146,94.71264,104.60019,205.83585,95.47443,124.05644,145.2188,169.04802,8.3821125,167.55003,169.17549,-8.355337,140.72424,205.64598,31.920506,182.91104,206.13004,13.406679,139.7685,241.1463,16.734184,181.698,242.43265,-24.243048,141.33713,246.52419,15.52597,179.53067,247.6523,-27.391636,134.98198,247.07526,13.912769,185.08835,249.25795,-28.961306
image_045.jpg,155.78302,81.67213,97.090256,153.58069,79.222015,88.34603,152.03133,79.50537,88.39029,150.52037,79.769516,88.30071,158.02289,78.55604,86.400185,159.52907,78.25058,86.4075,160.99728,78.013756,86.353,148.5112,83.05634,48.590935,162.71948,80.56464,40.06932,153.65149,85.763115,84.289894,157.76538,84.78782,82.00145,135.99872,104.3991,28.108881,177.38916,101.15758,19.016851,113.7471,118.03154,64.71131,201.14087,117.6012,60.113377,100.62286,99.64482,112.06872,207.69687,100.87903,138.97528,95.74535,95.88338,119.97642,212.27617,97.55596,149.97575,98.11194,92.50331,121.198975,208.27324,94.806175,149.65854,101.21445,94.19816,113.909,205.44293,96.43085,141.0327,145.5289,167.89531,8.278233,167.62895,168.68156,-8.230348,138.46909,204.44019,36.23472,180.00589,207.00534,9.76107,135.071,240.01222,19.10206,177.28204,244.99234,-30.78332,136.16412,245.70308,17.792107,174.6061,250.59546,-34.3307,129.94199,246.10693,19.552086,181.37108,252.44685,-35.040813
image_047.jpg,155.3819,82.2198,97.762695,153.30046,79.900925,88.31535,151.73148,80.20638,88.370674,150.20575,80.495735,88.27325,157.82071,79.22816,87.13791,159.3916,78.948555,87.14526,160.92355,78.74027,87.09839,148.15515,84.05065,46.774235,162.697,81.66704,41.63385,152.9968,86.55775,84.10744,157.27509,85.55079,82.82414,135.20831,105.45526,23.611229,176.93869,102.9328,21.964056,111.21423,117.15939,61.265427,199.57396,116.90855,64.21212,99.927414,99.447586,117.40051,207.27928,100.90197,140.4543,95.29219,95.79458,126.68621,212.26498,97.958786,151.17706,98.09563,92.72137,127.07925,208.71239,95.53797,151.50229,101.12648,94.40654,119.146355,205.58783,96.949814,142.22269,145.1538,168.80339,5.6649895,167.49951,169.91414,-5.625918,138.50664,203.16685,28.903635,182.646,206.2602,12.607952,135.87943,237.95517,0.8336822,176.21976,243.69337,-43.54515,136.88255,243.16006,-1.5507641,172.9094,248.76775,-48.568592,131.00624,244.71196,-1.974865,179.62344,252.19534,-49.332474
image_049.jpg,154.21599,82.145424,101.099945,152.11087,79.769,90.95488,150.58069,80.10347,91.01098,149.09242,80.42379,90.92861,156.6323,79.0056,90.44778,158.22443,78.708046,90.436775,159.77287,78.48175,90.381714,147.37694,83.999626,47.15067,161.89642,81.40776,44.714207,152.13751,86.64704,86.58283,156.41064,85.54935,86.11136,135.56696,106.36849,21.82152,176.5111,102.70411,23.310242,111.446625,119.654945,57.94075,199.5407,117.19672,60.636192,101.712814,100.123505,110.11952,207.26813,100.93089,128.48293,97.36149,95.75446,117.82403,212.20667,97.88023,137.80032,100.338776,92.537094,117.76274,208.70287,95.33557,138.12733,103.18241,94.51295,111.52388,205.73013,96.7784,129.89178,145.38869,169.69821,4.890868,167.52426,169.87535,-4.8201137,138.31776,205.99068,34.00489,180.66833,207.4703,13.289312,137.01743,241.98859,16.500483,175.44116,245.93393,-36.729935,138.23486,247.58517,15.142233,172.37482,251.2691,-41.365856,132.40126,248.14648,15.744972,179.33357,253.99773,-43.205124
image_051.jpg,154.96596,82.37185,113.44056,152.57745,79.93905,103.85475,150.954,80.28348,103.909775,149.3734,80.60505,103.82323,157.24179,79.117256,102.09972,158.8493,78.78063,102.11173,160.41492,78.515045,102.05373,147.25792,84.08251,60.077404,162.18665,81.185936,52.364197,152.67213,86.64459,99.170906,157.06688,85.51415,97.170876,134.53517,105.93345,35.94681,176.90277,101.74344,27.562,111.344795,118.11294,76.04306,201.55515,116.880295,67.81572,101.18229,100.40403,132.31465,208.14914,101.08243,145.50122,96.69701,96.76875,142.3055,212.79543,97.89771,155.65303,99.66002,93.71282,142.48373,209.05647,95.57144,156.40486,102.696014,95.51644,134.2667,206.05884,97.23943,147.54762,145.07732,169.3263,8.6255245,168.03333,169.85526,-8.578354,138.74654,206.60713,32.871185,184.38658,209.02798,6.431634,138.33101,243.65384,-0.16855331,182.63777,249.36179,-52.1362,139.86542,249.11015,-3.126279,179.6213,255.13455,-57.64494,133.57384,250.71236,-1.6069509,189.26251,257.0996,-59.61132
